Transaction_ID,Status
TXN00042,Duplicate Entry
TXN00081,Duplicate Entry
TXN00082,Duplicate Entry
TXN02933,Duplicate Entry
TXN03451,Duplicate Entry
TXN03527,Duplicate Entry
TXN03636,Duplicate Entry
TXN03701,Duplicate Entry
TXN03777,Duplicate Entry
TXN03840,Duplicate Entry
TXN03892,Duplicate Entry
TXN04058,Duplicate Entry
TXN04256,Duplicate Entry
TXN04357,Duplicate Entry
TXN04444,Duplicate Entry
TXN04519,Duplicate Entry
TXN04613,Duplicate Entry
TXN04667,Duplicate Entry
TXN04717,Duplicate Entry
TXN04748,Duplicate Entry
TXN04787,Duplicate Entry
TXN04814,Duplicate Entry
TXN04843,Duplicate Entry
TXN04864,Duplicate Entry
TXN04892,Duplicate Entry
TXN04930,Duplicate Entry
TXN04985,Duplicate Entry
TXN00001,Matched
TXN00002,Matched
TXN00003,Matched
TXN00004,Amount Mismatch
TXN00005,Matched
TXN00006,Matched
TXN00007,Matched
TXN00008,Amount Mismatch
TXN00009,Matched
TXN00010,Matched
TXN00011,Amount Mismatch
TXN00012,Matched
TXN00013,Matched
TXN00014,Amount Mismatch
TXN00015,Amount Mismatch
TXN00016,Matched
TXN00017,Matched
TXN00018,Matched
TXN00019,Amount Mismatch
TXN00020,Matched
TXN00021,Matched
TXN00022,Matched
TXN00023,Matched
TXN00024,Matched
TXN00025,Matched
TXN00026,Matched
TXN00027,Matched
TXN00028,Matched
TXN00029,Matched
TXN00030,Matched
TXN00031,Matched
TXN00032,Matched
TXN00033,Matched
TXN00034,Matched
TXN00035,Matched
TXN00036,Matched
TXN00037,Matched
TXN00038,Matched
TXN00039,Matched
TXN00040,Matched
TXN00041,Matched
TXN00042,Matched
TXN00042,Matched
TXN00043,Matched
TXN00044,Matched
TXN00045,Matched
TXN00046,Matched
TXN00047,Missing in Ledger
TXN00048,Matched
TXN00049,Matched
TXN00050,Matched
TXN00051,Matched
TXN00052,Matched
TXN00053,Matched
TXN00054,Matched
TXN00055,Matched
TXN00056,Matched
TXN00057,Matched
TXN00058,Matched
TXN00059,Matched
TXN00060,Missing in Ledger
TXN00061,Matched
TXN00062,Matched
TXN00063,Matched
TXN00064,Matched
TXN00065,Matched
TXN00066,Missing in Ledger
TXN00067,Matched
TXN00068,Matched
TXN00069,Matched
TXN00070,Matched
TXN00071,Matched
TXN00072,Missing in Ledger
TXN00073,Missing in Ledger
TXN00074,Missing in Ledger
TXN00075,Matched
TXN00076,Matched
TXN00077,Matched
TXN00078,Matched
TXN00079,Matched
TXN00080,Matched
TXN00081,Matched
TXN00081,Matched
TXN00082,Matched
TXN00082,Matched
TXN00083,Matched
TXN00084,Matched
TXN00085,Matched
TXN00086,Matched
TXN00087,Matched
TXN00088,Matched
TXN00089,Matched
TXN00090,Matched
TXN00091,Matched
TXN00092,Matched
TXN00093,Matched
TXN00094,Matched
TXN00095,Matched
TXN00096,Matched
TXN00097,Matched
TXN00098,Matched
TXN00099,Matched
TXN00100,Matched
TXN00101,Matched
TXN00102,Matched
TXN00103,Matched
TXN00104,Matched
TXN00105,Matched
TXN00106,Matched
TXN00107,Matched
TXN00108,Matched
TXN00109,Missing in Ledger
TXN00110,Matched
TXN00111,Matched
TXN00112,Matched
TXN00113,Matched
TXN00114,Matched
TXN00115,Matched
TXN00116,Matched
TXN00117,Matched
TXN00118,Matched
TXN00119,Matched
TXN00120,Matched
TXN00121,Matched
TXN00122,Matched
TXN00123,Matched
TXN00124,Matched
TXN00125,Matched
TXN00126,Matched
TXN00127,Matched
TXN00128,Matched
TXN00129,Matched
TXN00130,Matched
TXN00131,Matched
TXN00132,Matched
TXN00133,Matched
TXN00134,Matched
TXN00135,Matched
TXN00136,Matched
TXN00137,Matched
TXN00138,Matched
TXN00139,Matched
TXN00140,Matched
TXN00141,Matched
TXN00142,Missing in Ledger
TXN00143,Matched
TXN00144,Matched
TXN00145,Matched
TXN00146,Matched
TXN00147,Matched
TXN00148,Matched
TXN00149,Matched
TXN00150,Matched
TXN00151,Matched
TXN00152,Matched
TXN00153,Matched
TXN00154,Matched
TXN00155,Matched
TXN00156,Matched
TXN00157,Matched
TXN00158,Matched
TXN00159,Matched
TXN00160,Matched
TXN00161,Matched
TXN00162,Matched
TXN00163,Matched
TXN00164,Matched
TXN00165,Matched
TXN00166,Matched
TXN00167,Matched
TXN00168,Matched
TXN00169,Matched
TXN00170,Matched
TXN00171,Matched
TXN00172,Matched
TXN00173,Matched
TXN00174,Matched
TXN00175,Matched
TXN00176,Matched
TXN00177,Matched
TXN00178,Matched
TXN00179,Matched
TXN00180,Matched
TXN00181,Matched
TXN00182,Matched
TXN00183,Matched
TXN00184,Matched
TXN00185,Matched
TXN00186,Matched
TXN00187,Matched
TXN00188,Matched
TXN00189,Matched
TXN00190,Matched
TXN00191,Matched
TXN00192,Matched
TXN00193,Matched
TXN00194,Matched
TXN00195,Matched
TXN00196,Matched
TXN00197,Matched
TXN00198,Matched
TXN00199,Matched
TXN00200,Matched
TXN00201,Matched
TXN00202,Matched
TXN00203,Matched
TXN00204,Matched
TXN00205,Matched
TXN00206,Matched
TXN00207,Matched
TXN00208,Matched
TXN00209,Matched
TXN00210,Matched
TXN00211,Matched
TXN00212,Matched
TXN00213,Matched
TXN00214,Matched
TXN00215,Matched
TXN00216,Matched
TXN00217,Matched
TXN00218,Matched
TXN00219,Matched
TXN00220,Matched
TXN00221,Matched
TXN00222,Matched
TXN00223,Matched
TXN00224,Matched
TXN00225,Matched
TXN00226,Matched
TXN00227,Matched
TXN00228,Matched
TXN00229,Matched
TXN00230,Matched
TXN00231,Matched
TXN00232,Matched
TXN00233,Matched
TXN00234,Matched
TXN00235,Matched
TXN00236,Matched
TXN00237,Matched
TXN00238,Matched
TXN00239,Matched
TXN00240,Matched
TXN00241,Matched
TXN00242,Matched
TXN00243,Matched
TXN00244,Matched
TXN00245,Matched
TXN00246,Matched
TXN00247,Matched
TXN00248,Matched
TXN00249,Matched
TXN00250,Matched
TXN00251,Matched
TXN00252,Matched
TXN00253,Matched
TXN00254,Matched
TXN00255,Matched
TXN00256,Matched
TXN00257,Matched
TXN00258,Matched
TXN00259,Matched
TXN00260,Matched
TXN00261,Matched
TXN00262,Matched
TXN00263,Matched
TXN00264,Matched
TXN00265,Matched
TXN00266,Matched
TXN00267,Matched
TXN00268,Matched
TXN00269,Matched
TXN00270,Matched
TXN00271,Matched
TXN00272,Matched
TXN00273,Matched
TXN00274,Matched
TXN00275,Matched
TXN00276,Amount Mismatch
TXN00277,Matched
TXN00278,Amount Mismatch
TXN00279,Matched
TXN00280,Matched
TXN00281,Amount Mismatch
TXN00282,Matched
TXN00283,Amount Mismatch
TXN00284,Matched
TXN00285,Matched
TXN00286,Matched
TXN00287,Matched
TXN00288,Matched
TXN00289,Matched
TXN00290,Matched
TXN00291,Matched
TXN00292,Matched
TXN00293,Matched
TXN00294,Matched
TXN00295,Matched
TXN00296,Matched
TXN00297,Matched
TXN00298,Matched
TXN00299,Matched
TXN00300,Matched
TXN00301,Matched
TXN00302,Matched
TXN00303,Matched
TXN00304,Matched
TXN00305,Matched
TXN00306,Matched
TXN00307,Matched
TXN00308,Matched
TXN00309,Matched
TXN00310,Matched
TXN00311,Matched
TXN00312,Matched
TXN00313,Matched
TXN00314,Matched
TXN00315,Matched
TXN00316,Matched
TXN00317,Matched
TXN00318,Matched
TXN00319,Matched
TXN00320,Matched
TXN00321,Matched
TXN00322,Matched
TXN00323,Matched
TXN00324,Matched
TXN00325,Matched
TXN00326,Matched
TXN00327,Matched
TXN00328,Matched
TXN00329,Matched
TXN00330,Matched
TXN00331,Matched
TXN00332,Matched
TXN00333,Matched
TXN00334,Matched
TXN00335,Matched
TXN00336,Matched
TXN00337,Matched
TXN00338,Matched
TXN00339,Matched
TXN00340,Matched
TXN00341,Matched
TXN00342,Matched
TXN00343,Matched
TXN00344,Matched
TXN00345,Matched
TXN00346,Matched
TXN00347,Matched
TXN00348,Matched
TXN00349,Matched
TXN00350,Matched
TXN00351,Matched
TXN00352,Matched
TXN00353,Matched
TXN00354,Matched
TXN00355,Matched
TXN00356,Matched
TXN00357,Matched
TXN00358,Matched
TXN00359,Matched
TXN00360,Matched
TXN00361,Matched
TXN00362,Matched
TXN00363,Matched
TXN00364,Matched
TXN00365,Matched
TXN00366,Matched
TXN00367,Matched
TXN00368,Matched
TXN00369,Matched
TXN00370,Matched
TXN00371,Matched
TXN00372,Matched
TXN00373,Matched
TXN00374,Matched
TXN00375,Matched
TXN00376,Matched
TXN00377,Matched
TXN00378,Matched
TXN00379,Matched
TXN00380,Matched
TXN00381,Matched
TXN00382,Matched
TXN00383,Matched
TXN00384,Matched
TXN00385,Matched
TXN00386,Matched
TXN00387,Matched
TXN00388,Matched
TXN00389,Matched
TXN00390,Matched
TXN00391,Matched
TXN00392,Matched
TXN00393,Matched
TXN00394,Matched
TXN00395,Matched
TXN00396,Matched
TXN00397,Matched
TXN00398,Matched
TXN00399,Matched
TXN00400,Matched
TXN00401,Matched
TXN00402,Matched
TXN00403,Matched
TXN00404,Matched
TXN00405,Matched
TXN00406,Matched
TXN00407,Matched
TXN00408,Matched
TXN00409,Matched
TXN00410,Matched
TXN00411,Matched
TXN00412,Matched
TXN00413,Matched
TXN00414,Matched
TXN00415,Matched
TXN00416,Matched
TXN00417,Matched
TXN00418,Matched
TXN00419,Matched
TXN00420,Matched
TXN00421,Matched
TXN00422,Matched
TXN00423,Matched
TXN00424,Matched
TXN00425,Matched
TXN00426,Matched
TXN00427,Matched
TXN00428,Matched
TXN00429,Matched
TXN00430,Matched
TXN00431,Matched
TXN00432,Matched
TXN00433,Matched
TXN00434,Matched
TXN00435,Matched
TXN00436,Matched
TXN00437,Matched
TXN00438,Matched
TXN00439,Matched
TXN00440,Matched
TXN00441,Matched
TXN00442,Matched
TXN00443,Matched
TXN00444,Matched
TXN00445,Matched
TXN00446,Matched
TXN00447,Matched
TXN00448,Matched
TXN00449,Matched
TXN00450,Matched
TXN00451,Matched
TXN00452,Matched
TXN00453,Matched
TXN00454,Matched
TXN00455,Matched
TXN00456,Matched
TXN00457,Matched
TXN00458,Matched
TXN00459,Matched
TXN00460,Matched
TXN00461,Matched
TXN00462,Matched
TXN00463,Matched
TXN00464,Matched
TXN00465,Matched
TXN00466,Matched
TXN00467,Matched
TXN00468,Matched
TXN00469,Matched
TXN00470,Matched
TXN00471,Matched
TXN00472,Matched
TXN00473,Matched
TXN00474,Matched
TXN00475,Matched
TXN00476,Matched
TXN00477,Matched
TXN00478,Matched
TXN00479,Matched
TXN00480,Matched
TXN00481,Matched
TXN00482,Matched
TXN00483,Matched
TXN00484,Matched
TXN00485,Matched
TXN00486,Matched
TXN00487,Matched
TXN00488,Matched
TXN00489,Matched
TXN00490,Matched
TXN00491,Matched
TXN00492,Matched
TXN00493,Matched
TXN00494,Matched
TXN00495,Matched
TXN00496,Matched
TXN00497,Matched
TXN00498,Matched
TXN00499,Matched
TXN00500,Matched
TXN00501,Matched
TXN00502,Matched
TXN00503,Matched
TXN00504,Matched
TXN00505,Matched
TXN00506,Matched
TXN00507,Matched
TXN00508,Matched
TXN00509,Matched
TXN00510,Matched
TXN00511,Matched
TXN00512,Matched
TXN00513,Matched
TXN00514,Matched
TXN00515,Matched
TXN00516,Matched
TXN00517,Matched
TXN00518,Matched
TXN00519,Matched
TXN00520,Matched
TXN00521,Matched
TXN00522,Matched
TXN00523,Matched
TXN00524,Matched
TXN00525,Matched
TXN00526,Matched
TXN00527,Matched
TXN00528,Matched
TXN00529,Matched
TXN00530,Matched
TXN00531,Matched
TXN00532,Matched
TXN00533,Matched
TXN00534,Matched
TXN00535,Matched
TXN00536,Matched
TXN00537,Matched
TXN00538,Matched
TXN00539,Matched
TXN00540,Matched
TXN00541,Matched
TXN00542,Matched
TXN00543,Matched
TXN00544,Matched
TXN00545,Matched
TXN00546,Matched
TXN00547,Matched
TXN00548,Matched
TXN00549,Matched
TXN00550,Matched
TXN00551,Matched
TXN00552,Matched
TXN00553,Matched
TXN00554,Matched
TXN00555,Matched
TXN00556,Matched
TXN00557,Matched
TXN00558,Matched
TXN00559,Matched
TXN00560,Matched
TXN00561,Matched
TXN00562,Matched
TXN00563,Matched
TXN00564,Matched
TXN00565,Matched
TXN00566,Matched
TXN00567,Matched
TXN00568,Matched
TXN00569,Matched
TXN00570,Matched
TXN00571,Matched
TXN00572,Matched
TXN00573,Matched
TXN00574,Matched
TXN00575,Matched
TXN00576,Matched
TXN00577,Matched
TXN00578,Matched
TXN00579,Matched
TXN00580,Matched
TXN00581,Matched
TXN00582,Matched
TXN00583,Matched
TXN00584,Matched
TXN00585,Matched
TXN00586,Matched
TXN00587,Matched
TXN00588,Matched
TXN00589,Matched
TXN00590,Matched
TXN00591,Matched
TXN00592,Matched
TXN00593,Matched
TXN00594,Matched
TXN00595,Matched
TXN00596,Matched
TXN00597,Matched
TXN00598,Matched
TXN00599,Matched
TXN00600,Matched
TXN00601,Matched
TXN00602,Matched
TXN00603,Matched
TXN00604,Matched
TXN00605,Matched
TXN00606,Matched
TXN00607,Matched
TXN00608,Matched
TXN00609,Matched
TXN00610,Matched
TXN00611,Matched
TXN00612,Matched
TXN00613,Matched
TXN00614,Matched
TXN00615,Matched
TXN00616,Matched
TXN00617,Matched
TXN00618,Matched
TXN00619,Matched
TXN00620,Matched
TXN00621,Matched
TXN00622,Matched
TXN00623,Matched
TXN00624,Matched
TXN00625,Matched
TXN00626,Matched
TXN00627,Matched
TXN00628,Matched
TXN00629,Matched
TXN00630,Matched
TXN00631,Matched
TXN00632,Matched
TXN00633,Matched
TXN00634,Matched
TXN00635,Matched
TXN00636,Matched
TXN00637,Matched
TXN00638,Matched
TXN00639,Matched
TXN00640,Matched
TXN00641,Matched
TXN00642,Matched
TXN00643,Matched
TXN00644,Matched
TXN00645,Matched
TXN00646,Matched
TXN00647,Matched
TXN00648,Matched
TXN00649,Matched
TXN00650,Matched
TXN00651,Matched
TXN00652,Matched
TXN00653,Matched
TXN00654,Matched
TXN00655,Matched
TXN00656,Matched
TXN00657,Matched
TXN00658,Matched
TXN00659,Matched
TXN00660,Matched
TXN00661,Matched
TXN00662,Matched
TXN00663,Matched
TXN00664,Matched
TXN00665,Matched
TXN00666,Matched
TXN00667,Matched
TXN00668,Matched
TXN00669,Matched
TXN00670,Matched
TXN00671,Matched
TXN00672,Matched
TXN00673,Matched
TXN00674,Matched
TXN00675,Matched
TXN00676,Matched
TXN00677,Matched
TXN00678,Matched
TXN00679,Matched
TXN00680,Matched
TXN00681,Matched
TXN00682,Matched
TXN00683,Matched
TXN00684,Matched
TXN00685,Matched
TXN00686,Matched
TXN00687,Matched
TXN00688,Matched
TXN00689,Matched
TXN00690,Matched
TXN00691,Matched
TXN00692,Matched
TXN00693,Matched
TXN00694,Matched
TXN00695,Matched
TXN00696,Matched
TXN00697,Matched
TXN00698,Matched
TXN00699,Matched
TXN00700,Matched
TXN00701,Matched
TXN00702,Matched
TXN00703,Matched
TXN00704,Matched
TXN00705,Matched
TXN00706,Matched
TXN00707,Matched
TXN00708,Matched
TXN00709,Matched
TXN00710,Matched
TXN00711,Matched
TXN00712,Matched
TXN00713,Matched
TXN00714,Matched
TXN00715,Matched
TXN00716,Matched
TXN00717,Matched
TXN00718,Matched
TXN00719,Matched
TXN00720,Matched
TXN00721,Matched
TXN00722,Matched
TXN00723,Matched
TXN00724,Matched
TXN00725,Matched
TXN00726,Matched
TXN00727,Matched
TXN00728,Matched
TXN00729,Matched
TXN00730,Matched
TXN00731,Matched
TXN00732,Matched
TXN00733,Matched
TXN00734,Matched
TXN00735,Matched
TXN00736,Matched
TXN00737,Matched
TXN00738,Matched
TXN00739,Matched
TXN00740,Matched
TXN00741,Matched
TXN00742,Matched
TXN00743,Matched
TXN00744,Matched
TXN00745,Matched
TXN00746,Matched
TXN00747,Matched
TXN00748,Matched
TXN00749,Matched
TXN00750,Matched
TXN00751,Matched
TXN00752,Matched
TXN00753,Matched
TXN00754,Matched
TXN00755,Matched
TXN00756,Matched
TXN00757,Matched
TXN00758,Matched
TXN00759,Matched
TXN00760,Matched
TXN00761,Matched
TXN00762,Matched
TXN00763,Matched
TXN00764,Matched
TXN00765,Matched
TXN00766,Matched
TXN00767,Matched
TXN00768,Matched
TXN00769,Matched
TXN00770,Matched
TXN00771,Matched
TXN00772,Matched
TXN00773,Matched
TXN00774,Matched
TXN00775,Matched
TXN00776,Matched
TXN00777,Matched
TXN00778,Matched
TXN00779,Matched
TXN00780,Matched
TXN00781,Matched
TXN00782,Matched
TXN00783,Matched
TXN00784,Matched
TXN00785,Matched
TXN00786,Matched
TXN00787,Matched
TXN00788,Matched
TXN00789,Matched
TXN00790,Matched
TXN00791,Matched
TXN00792,Matched
TXN00793,Matched
TXN00794,Matched
TXN00795,Matched
TXN00796,Matched
TXN00797,Matched
TXN00798,Matched
TXN00799,Matched
TXN00800,Matched
TXN00801,Matched
TXN00802,Matched
TXN00803,Matched
TXN00804,Matched
TXN00805,Matched
TXN00806,Matched
TXN00807,Matched
TXN00808,Matched
TXN00809,Matched
TXN00810,Matched
TXN00811,Matched
TXN00812,Matched
TXN00813,Matched
TXN00814,Matched
TXN00815,Matched
TXN00816,Matched
TXN00817,Matched
TXN00818,Matched
TXN00819,Matched
TXN00820,Matched
TXN00821,Matched
TXN00822,Matched
TXN00823,Matched
TXN00824,Matched
TXN00825,Matched
TXN00826,Matched
TXN00827,Matched
TXN00828,Matched
TXN00829,Matched
TXN00830,Matched
TXN00831,Matched
TXN00832,Matched
TXN00833,Matched
TXN00834,Matched
TXN00835,Matched
TXN00836,Matched
TXN00837,Matched
TXN00838,Matched
TXN00839,Matched
TXN00840,Matched
TXN00841,Matched
TXN00842,Matched
TXN00843,Matched
TXN00844,Matched
TXN00845,Matched
TXN00846,Matched
TXN00847,Matched
TXN00848,Matched
TXN00849,Matched
TXN00850,Matched
TXN00851,Matched
TXN00852,Matched
TXN00853,Matched
TXN00854,Matched
TXN00855,Matched
TXN00856,Matched
TXN00857,Matched
TXN00858,Matched
TXN00859,Matched
TXN00860,Matched
TXN00861,Matched
TXN00862,Matched
TXN00863,Matched
TXN00864,Matched
TXN00865,Matched
TXN00866,Matched
TXN00867,Matched
TXN00868,Matched
TXN00869,Matched
TXN00870,Matched
TXN00871,Matched
TXN00872,Matched
TXN00873,Matched
TXN00874,Matched
TXN00875,Matched
TXN00876,Matched
TXN00877,Matched
TXN00878,Matched
TXN00879,Matched
TXN00880,Matched
TXN00881,Matched
TXN00882,Matched
TXN00883,Matched
TXN00884,Matched
TXN00885,Matched
TXN00886,Matched
TXN00887,Matched
TXN00888,Matched
TXN00889,Matched
TXN00890,Matched
TXN00891,Matched
TXN00892,Matched
TXN00893,Matched
TXN00894,Matched
TXN00895,Matched
TXN00896,Matched
TXN00897,Matched
TXN00898,Matched
TXN00899,Matched
TXN00900,Matched
TXN00901,Matched
TXN00902,Matched
TXN00903,Matched
TXN00904,Matched
TXN00905,Matched
TXN00906,Matched
TXN00907,Matched
TXN00908,Matched
TXN00909,Matched
TXN00910,Matched
TXN00911,Matched
TXN00912,Matched
TXN00913,Matched
TXN00914,Matched
TXN00915,Matched
TXN00916,Matched
TXN00917,Matched
TXN00918,Matched
TXN00919,Matched
TXN00920,Matched
TXN00921,Matched
TXN00922,Matched
TXN00923,Matched
TXN00924,Matched
TXN00925,Matched
TXN00926,Matched
TXN00927,Matched
TXN00928,Matched
TXN00929,Matched
TXN00930,Matched
TXN00931,Matched
TXN00932,Matched
TXN00933,Matched
TXN00934,Matched
TXN00935,Matched
TXN00936,Matched
TXN00937,Matched
TXN00938,Matched
TXN00939,Matched
TXN00940,Matched
TXN00941,Matched
TXN00942,Matched
TXN00943,Matched
TXN00944,Matched
TXN00945,Matched
TXN00946,Matched
TXN00947,Matched
TXN00948,Matched
TXN00949,Matched
TXN00950,Matched
TXN00951,Matched
TXN00952,Matched
TXN00953,Matched
TXN00954,Matched
TXN00955,Matched
TXN00956,Matched
TXN00957,Matched
TXN00958,Matched
TXN00959,Matched
TXN00960,Matched
TXN00961,Matched
TXN00962,Matched
TXN00963,Matched
TXN00964,Matched
TXN00965,Matched
TXN00966,Matched
TXN00967,Matched
TXN00968,Matched
TXN00969,Matched
TXN00970,Matched
TXN00971,Matched
TXN00972,Matched
TXN00973,Matched
TXN00974,Matched
TXN00975,Matched
TXN00976,Matched
TXN00977,Matched
TXN00978,Matched
TXN00979,Matched
TXN00980,Matched
TXN00981,Matched
TXN00982,Matched
TXN00983,Matched
TXN00984,Matched
TXN00985,Matched
TXN00986,Matched
TXN00987,Matched
TXN00988,Matched
TXN00989,Matched
TXN00990,Matched
TXN00991,Matched
TXN00992,Matched
TXN00993,Matched
TXN00994,Matched
TXN00995,Matched
TXN00996,Matched
TXN00997,Matched
TXN00998,Matched
TXN00999,Matched
TXN01000,Matched
TXN01001,Matched
TXN01002,Matched
TXN01003,Matched
TXN01004,Matched
TXN01005,Matched
TXN01006,Matched
TXN01007,Matched
TXN01008,Matched
TXN01009,Matched
TXN01010,Matched
TXN01011,Matched
TXN01012,Matched
TXN01013,Matched
TXN01014,Matched
TXN01015,Matched
TXN01016,Matched
TXN01017,Matched
TXN01018,Matched
TXN01019,Matched
TXN01020,Matched
TXN01021,Matched
TXN01022,Matched
TXN01023,Matched
TXN01024,Matched
TXN01025,Matched
TXN01026,Matched
TXN01027,Matched
TXN01028,Matched
TXN01029,Matched
TXN01030,Matched
TXN01031,Matched
TXN01032,Matched
TXN01033,Matched
TXN01034,Matched
TXN01035,Matched
TXN01036,Matched
TXN01037,Matched
TXN01038,Matched
TXN01039,Matched
TXN01040,Matched
TXN01041,Matched
TXN01042,Matched
TXN01043,Matched
TXN01044,Matched
TXN01045,Matched
TXN01046,Matched
TXN01047,Matched
TXN01048,Matched
TXN01049,Matched
TXN01050,Matched
TXN01051,Matched
TXN01052,Matched
TXN01053,Matched
TXN01054,Matched
TXN01055,Matched
TXN01056,Matched
TXN01057,Matched
TXN01058,Matched
TXN01059,Matched
TXN01060,Matched
TXN01061,Matched
TXN01062,Matched
TXN01063,Matched
TXN01064,Matched
TXN01065,Matched
TXN01066,Matched
TXN01067,Matched
TXN01068,Matched
TXN01069,Matched
TXN01070,Matched
TXN01071,Matched
TXN01072,Matched
TXN01073,Matched
TXN01074,Matched
TXN01075,Matched
TXN01076,Matched
TXN01077,Matched
TXN01078,Matched
TXN01079,Matched
TXN01080,Matched
TXN01081,Matched
TXN01082,Matched
TXN01083,Matched
TXN01084,Matched
TXN01085,Matched
TXN01086,Matched
TXN01087,Matched
TXN01088,Matched
TXN01089,Matched
TXN01090,Matched
TXN01091,Matched
TXN01092,Matched
TXN01093,Matched
TXN01094,Matched
TXN01095,Matched
TXN01096,Matched
TXN01097,Matched
TXN01098,Matched
TXN01099,Matched
TXN01100,Matched
TXN01101,Matched
TXN01102,Matched
TXN01103,Matched
TXN01104,Matched
TXN01105,Matched
TXN01106,Matched
TXN01107,Matched
TXN01108,Matched
TXN01109,Matched
TXN01110,Matched
TXN01111,Matched
TXN01112,Matched
TXN01113,Matched
TXN01114,Matched
TXN01115,Matched
TXN01116,Matched
TXN01117,Matched
TXN01118,Matched
TXN01119,Matched
TXN01120,Matched
TXN01121,Matched
TXN01122,Matched
TXN01123,Matched
TXN01124,Matched
TXN01125,Matched
TXN01126,Matched
TXN01127,Amount Mismatch
TXN01128,Matched
TXN01129,Matched
TXN01130,Matched
TXN01131,Matched
TXN01132,Amount Mismatch
TXN01133,Matched
TXN01134,Matched
TXN01135,Matched
TXN01136,Amount Mismatch
TXN01137,Matched
TXN01138,Matched
TXN01139,Matched
TXN01140,Amount Mismatch
TXN01141,Matched
TXN01142,Matched
TXN01143,Matched
TXN01144,Amount Mismatch
TXN01145,Matched
TXN01146,Matched
TXN01147,Matched
TXN01148,Matched
TXN01149,Matched
TXN01150,Matched
TXN01151,Matched
TXN01152,Matched
TXN01153,Matched
TXN01154,Matched
TXN01155,Matched
TXN01156,Matched
TXN01157,Matched
TXN01158,Matched
TXN01159,Matched
TXN01160,Matched
TXN01161,Matched
TXN01162,Matched
TXN01163,Matched
TXN01164,Matched
TXN01165,Matched
TXN01166,Matched
TXN01167,Matched
TXN01168,Matched
TXN01169,Matched
TXN01170,Matched
TXN01171,Matched
TXN01172,Matched
TXN01173,Matched
TXN01174,Matched
TXN01175,Matched
TXN01176,Matched
TXN01177,Matched
TXN01178,Matched
TXN01179,Matched
TXN01180,Matched
TXN01181,Matched
TXN01182,Matched
TXN01183,Matched
TXN01184,Matched
TXN01185,Matched
TXN01186,Matched
TXN01187,Matched
TXN01188,Matched
TXN01189,Matched
TXN01190,Matched
TXN01191,Matched
TXN01192,Matched
TXN01193,Matched
TXN01194,Matched
TXN01195,Matched
TXN01196,Matched
TXN01197,Matched
TXN01198,Matched
TXN01199,Matched
TXN01200,Matched
TXN01201,Matched
TXN01202,Matched
TXN01203,Matched
TXN01204,Matched
TXN01205,Matched
TXN01206,Matched
TXN01207,Matched
TXN01208,Matched
TXN01209,Matched
TXN01210,Matched
TXN01211,Matched
TXN01212,Matched
TXN01213,Matched
TXN01214,Matched
TXN01215,Matched
TXN01216,Matched
TXN01217,Matched
TXN01218,Matched
TXN01219,Matched
TXN01220,Matched
TXN01221,Matched
TXN01222,Matched
TXN01223,Matched
TXN01224,Matched
TXN01225,Matched
TXN01226,Matched
TXN01227,Matched
TXN01228,Matched
TXN01229,Matched
TXN01230,Matched
TXN01231,Matched
TXN01232,Matched
TXN01233,Matched
TXN01234,Matched
TXN01235,Matched
TXN01236,Matched
TXN01237,Matched
TXN01238,Matched
TXN01239,Matched
TXN01240,Matched
TXN01241,Matched
TXN01242,Matched
TXN01243,Matched
TXN01244,Matched
TXN01245,Matched
TXN01246,Matched
TXN01247,Matched
TXN01248,Matched
TXN01249,Matched
TXN01250,Matched
TXN01251,Matched
TXN01252,Matched
TXN01253,Matched
TXN01254,Matched
TXN01255,Matched
TXN01256,Matched
TXN01257,Matched
TXN01258,Matched
TXN01259,Matched
TXN01260,Matched
TXN01261,Matched
TXN01262,Matched
TXN01263,Matched
TXN01264,Matched
TXN01265,Matched
TXN01266,Matched
TXN01267,Matched
TXN01268,Matched
TXN01269,Matched
TXN01270,Matched
TXN01271,Matched
TXN01272,Matched
TXN01273,Matched
TXN01274,Matched
TXN01275,Matched
TXN01276,Matched
TXN01277,Matched
TXN01278,Matched
TXN01279,Matched
TXN01280,Matched
TXN01281,Matched
TXN01282,Matched
TXN01283,Matched
TXN01284,Matched
TXN01285,Matched
TXN01286,Matched
TXN01287,Matched
TXN01288,Matched
TXN01289,Matched
TXN01290,Matched
TXN01291,Matched
TXN01292,Matched
TXN01293,Matched
TXN01294,Matched
TXN01295,Matched
TXN01296,Matched
TXN01297,Matched
TXN01298,Matched
TXN01299,Matched
TXN01300,Matched
TXN01301,Matched
TXN01302,Matched
TXN01303,Matched
TXN01304,Matched
TXN01305,Matched
TXN01306,Matched
TXN01307,Matched
TXN01308,Matched
TXN01309,Matched
TXN01310,Matched
TXN01311,Matched
TXN01312,Matched
TXN01313,Matched
TXN01314,Matched
TXN01315,Matched
TXN01316,Matched
TXN01317,Matched
TXN01318,Matched
TXN01319,Matched
TXN01320,Matched
TXN01321,Matched
TXN01322,Matched
TXN01323,Matched
TXN01324,Matched
TXN01325,Matched
TXN01326,Matched
TXN01327,Matched
TXN01328,Matched
TXN01329,Matched
TXN01330,Matched
TXN01331,Matched
TXN01332,Matched
TXN01333,Matched
TXN01334,Matched
TXN01335,Matched
TXN01336,Matched
TXN01337,Matched
TXN01338,Matched
TXN01339,Matched
TXN01340,Matched
TXN01341,Matched
TXN01342,Matched
TXN01343,Matched
TXN01344,Matched
TXN01345,Matched
TXN01346,Matched
TXN01347,Matched
TXN01348,Matched
TXN01349,Matched
TXN01350,Matched
TXN01351,Matched
TXN01352,Matched
TXN01353,Matched
TXN01354,Matched
TXN01355,Matched
TXN01356,Matched
TXN01357,Matched
TXN01358,Matched
TXN01359,Matched
TXN01360,Matched
TXN01361,Matched
TXN01362,Matched
TXN01363,Matched
TXN01364,Matched
TXN01365,Matched
TXN01366,Matched
TXN01367,Matched
TXN01368,Matched
TXN01369,Matched
TXN01370,Matched
TXN01371,Matched
TXN01372,Matched
TXN01373,Matched
TXN01374,Matched
TXN01375,Matched
TXN01376,Matched
TXN01377,Matched
TXN01378,Matched
TXN01379,Matched
TXN01380,Matched
TXN01381,Matched
TXN01382,Matched
TXN01383,Matched
TXN01384,Matched
TXN01385,Matched
TXN01386,Matched
TXN01387,Matched
TXN01388,Matched
TXN01389,Matched
TXN01390,Matched
TXN01391,Matched
TXN01392,Matched
TXN01393,Matched
TXN01394,Matched
TXN01395,Matched
TXN01396,Matched
TXN01397,Matched
TXN01398,Matched
TXN01399,Matched
TXN01400,Matched
TXN01401,Matched
TXN01402,Matched
TXN01403,Matched
TXN01404,Matched
TXN01405,Matched
TXN01406,Matched
TXN01407,Matched
TXN01408,Matched
TXN01409,Matched
TXN01410,Matched
TXN01411,Matched
TXN01412,Matched
TXN01413,Matched
TXN01414,Matched
TXN01415,Matched
TXN01416,Matched
TXN01417,Matched
TXN01418,Matched
TXN01419,Matched
TXN01420,Matched
TXN01421,Matched
TXN01422,Matched
TXN01423,Matched
TXN01424,Matched
TXN01425,Matched
TXN01426,Matched
TXN01427,Matched
TXN01428,Matched
TXN01429,Matched
TXN01430,Matched
TXN01431,Matched
TXN01432,Matched
TXN01433,Matched
TXN01434,Matched
TXN01435,Amount Mismatch
TXN01436,Amount Mismatch
TXN01437,Matched
TXN01438,Matched
TXN01439,Amount Mismatch
TXN01440,Matched
TXN01441,Matched
TXN01442,Matched
TXN01443,Amount Mismatch
TXN01444,Matched
TXN01445,Amount Mismatch
TXN01446,Matched
TXN01447,Matched
TXN01448,Matched
TXN01449,Matched
TXN01450,Matched
TXN01451,Matched
TXN01452,Matched
TXN01453,Matched
TXN01454,Matched
TXN01455,Matched
TXN01456,Matched
TXN01457,Matched
TXN01458,Matched
TXN01459,Matched
TXN01460,Matched
TXN01461,Matched
TXN01462,Matched
TXN01463,Matched
TXN01464,Matched
TXN01465,Matched
TXN01466,Matched
TXN01467,Matched
TXN01468,Matched
TXN01469,Matched
TXN01470,Matched
TXN01471,Matched
TXN01472,Matched
TXN01473,Matched
TXN01474,Matched
TXN01475,Matched
TXN01476,Matched
TXN01477,Matched
TXN01478,Matched
TXN01479,Matched
TXN01480,Matched
TXN01481,Matched
TXN01482,Matched
TXN01483,Matched
TXN01484,Matched
TXN01485,Matched
TXN01486,Matched
TXN01487,Matched
TXN01488,Matched
TXN01489,Matched
TXN01490,Matched
TXN01491,Matched
TXN01492,Matched
TXN01493,Matched
TXN01494,Matched
TXN01495,Matched
TXN01496,Matched
TXN01497,Matched
TXN01498,Matched
TXN01499,Matched
TXN01500,Matched
TXN01501,Matched
TXN01502,Matched
TXN01503,Matched
TXN01504,Matched
TXN01505,Matched
TXN01506,Matched
TXN01507,Matched
TXN01508,Matched
TXN01509,Matched
TXN01510,Matched
TXN01511,Matched
TXN01512,Matched
TXN01513,Matched
TXN01514,Matched
TXN01515,Matched
TXN01516,Matched
TXN01517,Matched
TXN01518,Matched
TXN01519,Matched
TXN01520,Matched
TXN01521,Matched
TXN01522,Matched
TXN01523,Matched
TXN01524,Matched
TXN01525,Matched
TXN01526,Matched
TXN01527,Matched
TXN01528,Matched
TXN01529,Matched
TXN01530,Matched
TXN01531,Matched
TXN01532,Matched
TXN01533,Matched
TXN01534,Matched
TXN01535,Matched
TXN01536,Matched
TXN01537,Matched
TXN01538,Matched
TXN01539,Matched
TXN01540,Matched
TXN01541,Matched
TXN01542,Matched
TXN01543,Matched
TXN01544,Matched
TXN01545,Matched
TXN01546,Matched
TXN01547,Matched
TXN01548,Matched
TXN01549,Matched
TXN01550,Matched
TXN01551,Matched
TXN01552,Matched
TXN01553,Matched
TXN01554,Matched
TXN01555,Matched
TXN01556,Matched
TXN01557,Matched
TXN01558,Matched
TXN01559,Matched
TXN01560,Matched
TXN01561,Matched
TXN01562,Matched
TXN01563,Matched
TXN01564,Matched
TXN01565,Matched
TXN01566,Matched
TXN01567,Matched
TXN01568,Matched
TXN01569,Matched
TXN01570,Matched
TXN01571,Matched
TXN01572,Matched
TXN01573,Matched
TXN01574,Matched
TXN01575,Matched
TXN01576,Matched
TXN01577,Amount Mismatch
TXN01578,Matched
TXN01579,Amount Mismatch
TXN01580,Matched
TXN01581,Matched
TXN01582,Matched
TXN01583,Matched
TXN01584,Amount Mismatch
TXN01585,Matched
TXN01586,Amount Mismatch
TXN01587,Matched
TXN01588,Matched
TXN01589,Matched
TXN01590,Amount Mismatch
TXN01591,Matched
TXN01592,Amount Mismatch
TXN01593,Matched
TXN01594,Matched
TXN01595,Matched
TXN01596,Matched
TXN01597,Matched
TXN01598,Matched
TXN01599,Matched
TXN01600,Matched
TXN01601,Matched
TXN01602,Matched
TXN01603,Matched
TXN01604,Matched
TXN01605,Matched
TXN01606,Matched
TXN01607,Matched
TXN01608,Matched
TXN01609,Matched
TXN01610,Matched
TXN01611,Matched
TXN01612,Matched
TXN01613,Matched
TXN01614,Matched
TXN01615,Matched
TXN01616,Matched
TXN01617,Matched
TXN01618,Matched
TXN01619,Matched
TXN01620,Matched
TXN01621,Matched
TXN01622,Matched
TXN01623,Matched
TXN01624,Matched
TXN01625,Matched
TXN01626,Matched
TXN01627,Matched
TXN01628,Matched
TXN01629,Matched
TXN01630,Matched
TXN01631,Matched
TXN01632,Matched
TXN01633,Matched
TXN01634,Matched
TXN01635,Matched
TXN01636,Matched
TXN01637,Matched
TXN01638,Matched
TXN01639,Matched
TXN01640,Matched
TXN01641,Matched
TXN01642,Matched
TXN01643,Matched
TXN01644,Matched
TXN01645,Matched
TXN01646,Matched
TXN01647,Matched
TXN01648,Matched
TXN01649,Matched
TXN01650,Matched
TXN01651,Matched
TXN01652,Matched
TXN01653,Matched
TXN01654,Matched
TXN01655,Matched
TXN01656,Matched
TXN01657,Matched
TXN01658,Matched
TXN01659,Matched
TXN01660,Matched
TXN01661,Matched
TXN01662,Matched
TXN01663,Matched
TXN01664,Matched
TXN01665,Matched
TXN01666,Matched
TXN01667,Matched
TXN01668,Matched
TXN01669,Matched
TXN01670,Matched
TXN01671,Matched
TXN01672,Matched
TXN01673,Matched
TXN01674,Matched
TXN01675,Matched
TXN01676,Matched
TXN01677,Matched
TXN01678,Matched
TXN01679,Matched
TXN01680,Matched
TXN01681,Matched
TXN01682,Matched
TXN01683,Matched
TXN01684,Matched
TXN01685,Matched
TXN01686,Matched
TXN01687,Matched
TXN01688,Matched
TXN01689,Matched
TXN01690,Matched
TXN01691,Matched
TXN01692,Matched
TXN01693,Matched
TXN01694,Matched
TXN01695,Matched
TXN01696,Matched
TXN01697,Matched
TXN01698,Matched
TXN01699,Matched
TXN01700,Matched
TXN01701,Matched
TXN01702,Matched
TXN01703,Matched
TXN01704,Matched
TXN01705,Matched
TXN01706,Matched
TXN01707,Matched
TXN01708,Matched
TXN01709,Matched
TXN01710,Matched
TXN01711,Matched
TXN01712,Matched
TXN01713,Matched
TXN01714,Matched
TXN01715,Matched
TXN01716,Matched
TXN01717,Matched
TXN01718,Matched
TXN01719,Matched
TXN01720,Matched
TXN01721,Matched
TXN01722,Matched
TXN01723,Matched
TXN01724,Matched
TXN01725,Matched
TXN01726,Matched
TXN01727,Matched
TXN01728,Matched
TXN01729,Matched
TXN01730,Matched
TXN01731,Matched
TXN01732,Matched
TXN01733,Matched
TXN01734,Matched
TXN01735,Matched
TXN01736,Matched
TXN01737,Amount Mismatch
TXN01738,Matched
TXN01739,Matched
TXN01740,Amount Mismatch
TXN01741,Matched
TXN01742,Matched
TXN01743,Matched
TXN01744,Amount Mismatch
TXN01745,Matched
TXN01746,Matched
TXN01747,Matched
TXN01748,Amount Mismatch
TXN01749,Matched
TXN01750,Matched
TXN01751,Matched
TXN01752,Matched
TXN01753,Matched
TXN01754,Matched
TXN01755,Matched
TXN01756,Matched
TXN01757,Matched
TXN01758,Matched
TXN01759,Matched
TXN01760,Matched
TXN01761,Matched
TXN01762,Matched
TXN01763,Matched
TXN01764,Matched
TXN01765,Matched
TXN01766,Matched
TXN01767,Matched
TXN01768,Matched
TXN01769,Matched
TXN01770,Matched
TXN01771,Matched
TXN01772,Matched
TXN01773,Matched
TXN01774,Matched
TXN01775,Matched
TXN01776,Matched
TXN01777,Matched
TXN01778,Matched
TXN01779,Matched
TXN01780,Matched
TXN01781,Matched
TXN01782,Matched
TXN01783,Matched
TXN01784,Matched
TXN01785,Matched
TXN01786,Matched
TXN01787,Matched
TXN01788,Matched
TXN01789,Matched
TXN01790,Matched
TXN01791,Matched
TXN01792,Matched
TXN01793,Matched
TXN01794,Matched
TXN01795,Matched
TXN01796,Matched
TXN01797,Matched
TXN01798,Matched
TXN01799,Matched
TXN01800,Matched
TXN01801,Matched
TXN01802,Matched
TXN01803,Matched
TXN01804,Matched
TXN01805,Matched
TXN01806,Matched
TXN01807,Matched
TXN01808,Matched
TXN01809,Matched
TXN01810,Matched
TXN01811,Matched
TXN01812,Matched
TXN01813,Matched
TXN01814,Matched
TXN01815,Matched
TXN01816,Matched
TXN01817,Matched
TXN01818,Matched
TXN01819,Matched
TXN01820,Matched
TXN01821,Matched
TXN01822,Matched
TXN01823,Matched
TXN01824,Matched
TXN01825,Matched
TXN01826,Matched
TXN01827,Matched
TXN01828,Matched
TXN01829,Matched
TXN01830,Matched
TXN01831,Matched
TXN01832,Matched
TXN01833,Matched
TXN01834,Matched
TXN01835,Matched
TXN01836,Matched
TXN01837,Matched
TXN01838,Matched
TXN01839,Matched
TXN01840,Matched
TXN01841,Matched
TXN01842,Matched
TXN01843,Matched
TXN01844,Matched
TXN01845,Matched
TXN01846,Matched
TXN01847,Matched
TXN01848,Matched
TXN01849,Matched
TXN01850,Matched
TXN01851,Matched
TXN01852,Matched
TXN01853,Matched
TXN01854,Matched
TXN01855,Matched
TXN01856,Matched
TXN01857,Matched
TXN01858,Matched
TXN01859,Matched
TXN01860,Matched
TXN01861,Matched
TXN01862,Matched
TXN01863,Matched
TXN01864,Matched
TXN01865,Matched
TXN01866,Matched
TXN01867,Matched
TXN01868,Matched
TXN01869,Matched
TXN01870,Matched
TXN01871,Matched
TXN01872,Matched
TXN01873,Matched
TXN01874,Matched
TXN01875,Matched
TXN01876,Matched
TXN01877,Matched
TXN01878,Matched
TXN01879,Matched
TXN01880,Matched
TXN01881,Matched
TXN01882,Matched
TXN01883,Matched
TXN01884,Matched
TXN01885,Matched
TXN01886,Matched
TXN01887,Matched
TXN01888,Matched
TXN01889,Matched
TXN01890,Matched
TXN01891,Matched
TXN01892,Matched
TXN01893,Matched
TXN01894,Matched
TXN01895,Matched
TXN01896,Amount Mismatch
TXN01897,Matched
TXN01898,Matched
TXN01899,Amount Mismatch
TXN01900,Matched
TXN01901,Matched
TXN01902,Amount Mismatch
TXN01903,Matched
TXN01904,Matched
TXN01905,Amount Mismatch
TXN01906,Amount Mismatch
TXN01907,Matched
TXN01908,Matched
TXN01909,Matched
TXN01910,Matched
TXN01911,Matched
TXN01912,Matched
TXN01913,Matched
TXN01914,Matched
TXN01915,Matched
TXN01916,Matched
TXN01917,Matched
TXN01918,Matched
TXN01919,Matched
TXN01920,Matched
TXN01921,Matched
TXN01922,Matched
TXN01923,Matched
TXN01924,Matched
TXN01925,Matched
TXN01926,Matched
TXN01927,Matched
TXN01928,Matched
TXN01929,Matched
TXN01930,Matched
TXN01931,Matched
TXN01932,Matched
TXN01933,Matched
TXN01934,Matched
TXN01935,Matched
TXN01936,Matched
TXN01937,Matched
TXN01938,Matched
TXN01939,Matched
TXN01940,Matched
TXN01941,Matched
TXN01942,Matched
TXN01943,Matched
TXN01944,Matched
TXN01945,Matched
TXN01946,Matched
TXN01947,Matched
TXN01948,Matched
TXN01949,Matched
TXN01950,Matched
TXN01951,Matched
TXN01952,Matched
TXN01953,Matched
TXN01954,Matched
TXN01955,Matched
TXN01956,Matched
TXN01957,Matched
TXN01958,Matched
TXN01959,Matched
TXN01960,Matched
TXN01961,Matched
TXN01962,Matched
TXN01963,Matched
TXN01964,Matched
TXN01965,Matched
TXN01966,Matched
TXN01967,Matched
TXN01968,Matched
TXN01969,Matched
TXN01970,Matched
TXN01971,Matched
TXN01972,Matched
TXN01973,Matched
TXN01974,Matched
TXN01975,Matched
TXN01976,Matched
TXN01977,Matched
TXN01978,Matched
TXN01979,Matched
TXN01980,Matched
TXN01981,Matched
TXN01982,Matched
TXN01983,Matched
TXN01984,Matched
TXN01985,Matched
TXN01986,Matched
TXN01987,Matched
TXN01988,Matched
TXN01989,Matched
TXN01990,Matched
TXN01991,Matched
TXN01992,Matched
TXN01993,Matched
TXN01994,Matched
TXN01995,Matched
TXN01996,Matched
TXN01997,Matched
TXN01998,Matched
TXN01999,Matched
TXN02000,Matched
TXN02001,Matched
TXN02002,Matched
TXN02003,Matched
TXN02004,Matched
TXN02005,Matched
TXN02006,Matched
TXN02007,Matched
TXN02008,Matched
TXN02009,Matched
TXN02010,Matched
TXN02011,Matched
TXN02012,Matched
TXN02013,Matched
TXN02014,Matched
TXN02015,Matched
TXN02016,Matched
TXN02017,Matched
TXN02018,Matched
TXN02019,Matched
TXN02020,Matched
TXN02021,Matched
TXN02022,Matched
TXN02023,Matched
TXN02024,Matched
TXN02025,Matched
TXN02026,Matched
TXN02027,Matched
TXN02028,Matched
TXN02029,Matched
TXN02030,Matched
TXN02031,Matched
TXN02032,Matched
TXN02033,Matched
TXN02034,Matched
TXN02035,Matched
TXN02036,Matched
TXN02037,Matched
TXN02038,Matched
TXN02039,Matched
TXN02040,Matched
TXN02041,Matched
TXN02042,Matched
TXN02043,Matched
TXN02044,Matched
TXN02045,Matched
TXN02046,Matched
TXN02047,Matched
TXN02048,Matched
TXN02049,Matched
TXN02050,Matched
TXN02051,Matched
TXN02052,Matched
TXN02053,Matched
TXN02054,Matched
TXN02055,Matched
TXN02056,Matched
TXN02057,Matched
TXN02058,Matched
TXN02059,Matched
TXN02060,Matched
TXN02061,Matched
TXN02062,Matched
TXN02063,Matched
TXN02064,Matched
TXN02065,Matched
TXN02066,Matched
TXN02067,Matched
TXN02068,Matched
TXN02069,Matched
TXN02070,Matched
TXN02071,Matched
TXN02072,Matched
TXN02073,Matched
TXN02074,Matched
TXN02075,Matched
TXN02076,Matched
TXN02077,Matched
TXN02078,Matched
TXN02079,Matched
TXN02080,Matched
TXN02081,Matched
TXN02082,Matched
TXN02083,Matched
TXN02084,Matched
TXN02085,Matched
TXN02086,Matched
TXN02087,Matched
TXN02088,Matched
TXN02089,Matched
TXN02090,Matched
TXN02091,Matched
TXN02092,Matched
TXN02093,Matched
TXN02094,Matched
TXN02095,Matched
TXN02096,Matched
TXN02097,Matched
TXN02098,Matched
TXN02099,Matched
TXN02100,Matched
TXN02101,Matched
TXN02102,Matched
TXN02103,Matched
TXN02104,Matched
TXN02105,Matched
TXN02106,Matched
TXN02107,Matched
TXN02108,Matched
TXN02109,Matched
TXN02110,Matched
TXN02111,Matched
TXN02112,Matched
TXN02113,Matched
TXN02114,Matched
TXN02115,Matched
TXN02116,Matched
TXN02117,Matched
TXN02118,Matched
TXN02119,Matched
TXN02120,Matched
TXN02121,Matched
TXN02122,Matched
TXN02123,Matched
TXN02124,Matched
TXN02125,Matched
TXN02126,Matched
TXN02127,Matched
TXN02128,Matched
TXN02129,Matched
TXN02130,Matched
TXN02131,Matched
TXN02132,Matched
TXN02133,Matched
TXN02134,Matched
TXN02135,Matched
TXN02136,Matched
TXN02137,Matched
TXN02138,Matched
TXN02139,Matched
TXN02140,Matched
TXN02141,Matched
TXN02142,Matched
TXN02143,Matched
TXN02144,Matched
TXN02145,Matched
TXN02146,Matched
TXN02147,Matched
TXN02148,Matched
TXN02149,Matched
TXN02150,Matched
TXN02151,Matched
TXN02152,Matched
TXN02153,Matched
TXN02154,Matched
TXN02155,Matched
TXN02156,Matched
TXN02157,Matched
TXN02158,Matched
TXN02159,Matched
TXN02160,Matched
TXN02161,Matched
TXN02162,Matched
TXN02163,Matched
TXN02164,Matched
TXN02165,Matched
TXN02166,Matched
TXN02167,Matched
TXN02168,Matched
TXN02169,Matched
TXN02170,Matched
TXN02171,Matched
TXN02172,Matched
TXN02173,Matched
TXN02174,Matched
TXN02175,Matched
TXN02176,Matched
TXN02177,Matched
TXN02178,Matched
TXN02179,Matched
TXN02180,Matched
TXN02181,Matched
TXN02182,Matched
TXN02183,Matched
TXN02184,Matched
TXN02185,Matched
TXN02186,Matched
TXN02187,Matched
TXN02188,Matched
TXN02189,Matched
TXN02190,Matched
TXN02191,Matched
TXN02192,Matched
TXN02193,Matched
TXN02194,Matched
TXN02195,Matched
TXN02196,Matched
TXN02197,Matched
TXN02198,Matched
TXN02199,Matched
TXN02200,Matched
TXN02201,Matched
TXN02202,Matched
TXN02203,Matched
TXN02204,Matched
TXN02205,Matched
TXN02206,Matched
TXN02207,Matched
TXN02208,Matched
TXN02209,Matched
TXN02210,Matched
TXN02211,Matched
TXN02212,Matched
TXN02213,Matched
TXN02214,Matched
TXN02215,Matched
TXN02216,Matched
TXN02217,Matched
TXN02218,Matched
TXN02219,Matched
TXN02220,Matched
TXN02221,Matched
TXN02222,Matched
TXN02223,Matched
TXN02224,Matched
TXN02225,Matched
TXN02226,Matched
TXN02227,Matched
TXN02228,Matched
TXN02229,Matched
TXN02230,Matched
TXN02231,Matched
TXN02232,Matched
TXN02233,Matched
TXN02234,Matched
TXN02235,Matched
TXN02236,Matched
TXN02237,Matched
TXN02238,Matched
TXN02239,Matched
TXN02240,Matched
TXN02241,Matched
TXN02242,Matched
TXN02243,Matched
TXN02244,Matched
TXN02245,Matched
TXN02246,Matched
TXN02247,Matched
TXN02248,Matched
TXN02249,Matched
TXN02250,Matched
TXN02251,Matched
TXN02252,Matched
TXN02253,Matched
TXN02254,Matched
TXN02255,Matched
TXN02256,Matched
TXN02257,Matched
TXN02258,Matched
TXN02259,Matched
TXN02260,Matched
TXN02261,Matched
TXN02262,Matched
TXN02263,Matched
TXN02264,Matched
TXN02265,Matched
TXN02266,Matched
TXN02267,Matched
TXN02268,Matched
TXN02269,Matched
TXN02270,Matched
TXN02271,Matched
TXN02272,Matched
TXN02273,Matched
TXN02274,Matched
TXN02275,Matched
TXN02276,Matched
TXN02277,Matched
TXN02278,Matched
TXN02279,Matched
TXN02280,Matched
TXN02281,Matched
TXN02282,Matched
TXN02283,Matched
TXN02284,Matched
TXN02285,Matched
TXN02286,Matched
TXN02287,Matched
TXN02288,Matched
TXN02289,Matched
TXN02290,Matched
TXN02291,Matched
TXN02292,Matched
TXN02293,Matched
TXN02294,Matched
TXN02295,Matched
TXN02296,Matched
TXN02297,Matched
TXN02298,Matched
TXN02299,Matched
TXN02300,Matched
TXN02301,Matched
TXN02302,Matched
TXN02303,Matched
TXN02304,Matched
TXN02305,Matched
TXN02306,Matched
TXN02307,Matched
TXN02308,Matched
TXN02309,Matched
TXN02310,Matched
TXN02311,Matched
TXN02312,Matched
TXN02313,Matched
TXN02314,Matched
TXN02315,Matched
TXN02316,Matched
TXN02317,Matched
TXN02318,Matched
TXN02319,Matched
TXN02320,Matched
TXN02321,Matched
TXN02322,Matched
TXN02323,Matched
TXN02324,Matched
TXN02325,Matched
TXN02326,Matched
TXN02327,Matched
TXN02328,Matched
TXN02329,Matched
TXN02330,Matched
TXN02331,Matched
TXN02332,Matched
TXN02333,Matched
TXN02334,Matched
TXN02335,Matched
TXN02336,Matched
TXN02337,Matched
TXN02338,Matched
TXN02339,Matched
TXN02340,Matched
TXN02341,Matched
TXN02342,Matched
TXN02343,Matched
TXN02344,Matched
TXN02345,Matched
TXN02346,Matched
TXN02347,Matched
TXN02348,Matched
TXN02349,Matched
TXN02350,Matched
TXN02351,Matched
TXN02352,Matched
TXN02353,Matched
TXN02354,Matched
TXN02355,Matched
TXN02356,Matched
TXN02357,Matched
TXN02358,Matched
TXN02359,Matched
TXN02360,Matched
TXN02361,Matched
TXN02362,Matched
TXN02363,Matched
TXN02364,Matched
TXN02365,Matched
TXN02366,Matched
TXN02367,Matched
TXN02368,Matched
TXN02369,Matched
TXN02370,Matched
TXN02371,Matched
TXN02372,Matched
TXN02373,Matched
TXN02374,Matched
TXN02375,Matched
TXN02376,Matched
TXN02377,Matched
TXN02378,Matched
TXN02379,Matched
TXN02380,Matched
TXN02381,Matched
TXN02382,Matched
TXN02383,Matched
TXN02384,Matched
TXN02385,Matched
TXN02386,Matched
TXN02387,Matched
TXN02388,Matched
TXN02389,Matched
TXN02390,Matched
TXN02391,Matched
TXN02392,Matched
TXN02393,Matched
TXN02394,Matched
TXN02395,Matched
TXN02396,Matched
TXN02397,Matched
TXN02398,Matched
TXN02399,Matched
TXN02400,Matched
TXN02401,Matched
TXN02402,Matched
TXN02403,Matched
TXN02404,Matched
TXN02405,Matched
TXN02406,Matched
TXN02407,Matched
TXN02408,Matched
TXN02409,Matched
TXN02410,Matched
TXN02411,Matched
TXN02412,Matched
TXN02413,Matched
TXN02414,Matched
TXN02415,Matched
TXN02416,Matched
TXN02417,Matched
TXN02418,Matched
TXN02419,Matched
TXN02420,Matched
TXN02421,Matched
TXN02422,Matched
TXN02423,Matched
TXN02424,Matched
TXN02425,Matched
TXN02426,Matched
TXN02427,Matched
TXN02428,Matched
TXN02429,Matched
TXN02430,Matched
TXN02431,Matched
TXN02432,Matched
TXN02433,Matched
TXN02434,Matched
TXN02435,Matched
TXN02436,Matched
TXN02437,Matched
TXN02438,Matched
TXN02439,Matched
TXN02440,Matched
TXN02441,Matched
TXN02442,Matched
TXN02443,Matched
TXN02444,Matched
TXN02445,Matched
TXN02446,Matched
TXN02447,Matched
TXN02448,Matched
TXN02449,Matched
TXN02450,Matched
TXN02451,Matched
TXN02452,Matched
TXN02453,Matched
TXN02454,Matched
TXN02455,Matched
TXN02456,Matched
TXN02457,Matched
TXN02458,Matched
TXN02459,Matched
TXN02460,Matched
TXN02461,Matched
TXN02462,Matched
TXN02463,Matched
TXN02464,Matched
TXN02465,Matched
TXN02466,Matched
TXN02467,Matched
TXN02468,Matched
TXN02469,Matched
TXN02470,Matched
TXN02471,Matched
TXN02472,Matched
TXN02473,Matched
TXN02474,Matched
TXN02475,Matched
TXN02476,Matched
TXN02477,Matched
TXN02478,Matched
TXN02479,Matched
TXN02480,Matched
TXN02481,Matched
TXN02482,Matched
TXN02483,Matched
TXN02484,Matched
TXN02485,Matched
TXN02486,Matched
TXN02487,Matched
TXN02488,Matched
TXN02489,Matched
TXN02490,Matched
TXN02491,Matched
TXN02492,Matched
TXN02493,Matched
TXN02494,Matched
TXN02495,Matched
TXN02496,Matched
TXN02497,Matched
TXN02498,Matched
TXN02499,Matched
TXN02500,Matched
TXN02501,Matched
TXN02502,Matched
TXN02503,Matched
TXN02504,Matched
TXN02505,Matched
TXN02506,Matched
TXN02507,Matched
TXN02508,Matched
TXN02509,Matched
TXN02510,Matched
TXN02511,Matched
TXN02512,Matched
TXN02513,Matched
TXN02514,Matched
TXN02515,Matched
TXN02516,Matched
TXN02517,Matched
TXN02518,Matched
TXN02519,Matched
TXN02520,Matched
TXN02521,Matched
TXN02522,Matched
TXN02523,Matched
TXN02524,Matched
TXN02525,Matched
TXN02526,Matched
TXN02527,Matched
TXN02528,Matched
TXN02529,Matched
TXN02530,Matched
TXN02531,Matched
TXN02532,Matched
TXN02533,Matched
TXN02534,Matched
TXN02535,Matched
TXN02536,Matched
TXN02537,Matched
TXN02538,Matched
TXN02539,Matched
TXN02540,Matched
TXN02541,Matched
TXN02542,Matched
TXN02543,Matched
TXN02544,Matched
TXN02545,Matched
TXN02546,Matched
TXN02547,Matched
TXN02548,Matched
TXN02549,Matched
TXN02550,Matched
TXN02551,Matched
TXN02552,Matched
TXN02553,Matched
TXN02554,Matched
TXN02555,Matched
TXN02556,Matched
TXN02557,Matched
TXN02558,Matched
TXN02559,Matched
TXN02560,Matched
TXN02561,Matched
TXN02562,Matched
TXN02563,Matched
TXN02564,Matched
TXN02565,Matched
TXN02566,Matched
TXN02567,Matched
TXN02568,Matched
TXN02569,Matched
TXN02570,Matched
TXN02571,Matched
TXN02572,Matched
TXN02573,Matched
TXN02574,Matched
TXN02575,Matched
TXN02576,Matched
TXN02577,Matched
TXN02578,Matched
TXN02579,Matched
TXN02580,Matched
TXN02581,Matched
TXN02582,Matched
TXN02583,Matched
TXN02584,Matched
TXN02585,Matched
TXN02586,Matched
TXN02587,Matched
TXN02588,Matched
TXN02589,Matched
TXN02590,Matched
TXN02591,Matched
TXN02592,Matched
TXN02593,Matched
TXN02594,Matched
TXN02595,Matched
TXN02596,Matched
TXN02597,Matched
TXN02598,Matched
TXN02599,Matched
TXN02600,Matched
TXN02601,Matched
TXN02602,Matched
TXN02603,Matched
TXN02604,Matched
TXN02605,Matched
TXN02606,Matched
TXN02607,Matched
TXN02608,Matched
TXN02609,Matched
TXN02610,Matched
TXN02611,Matched
TXN02612,Matched
TXN02613,Matched
TXN02614,Matched
TXN02615,Matched
TXN02616,Matched
TXN02617,Matched
TXN02618,Matched
TXN02619,Matched
TXN02620,Matched
TXN02621,Matched
TXN02622,Matched
TXN02623,Matched
TXN02624,Matched
TXN02625,Matched
TXN02626,Matched
TXN02627,Matched
TXN02628,Matched
TXN02629,Matched
TXN02630,Matched
TXN02631,Matched
TXN02632,Matched
TXN02633,Matched
TXN02634,Matched
TXN02635,Matched
TXN02636,Matched
TXN02637,Matched
TXN02638,Matched
TXN02639,Matched
TXN02640,Matched
TXN02641,Matched
TXN02642,Matched
TXN02643,Matched
TXN02644,Matched
TXN02645,Matched
TXN02646,Matched
TXN02647,Matched
TXN02648,Matched
TXN02649,Matched
TXN02650,Matched
TXN02651,Matched
TXN02652,Matched
TXN02653,Matched
TXN02654,Matched
TXN02655,Matched
TXN02656,Matched
TXN02657,Matched
TXN02658,Matched
TXN02659,Matched
TXN02660,Matched
TXN02661,Matched
TXN02662,Matched
TXN02663,Matched
TXN02664,Matched
TXN02665,Matched
TXN02666,Matched
TXN02667,Matched
TXN02668,Matched
TXN02669,Matched
TXN02670,Matched
TXN02671,Matched
TXN02672,Matched
TXN02673,Matched
TXN02674,Missing in Ledger
TXN02675,Matched
TXN02676,Matched
TXN02677,Matched
TXN02678,Matched
TXN02679,Matched
TXN02680,Matched
TXN02681,Matched
TXN02682,Matched
TXN02683,Matched
TXN02684,Matched
TXN02685,Matched
TXN02686,Matched
TXN02687,Matched
TXN02688,Matched
TXN02689,Matched
TXN02690,Matched
TXN02691,Matched
TXN02692,Matched
TXN02693,Matched
TXN02694,Matched
TXN02695,Matched
TXN02696,Matched
TXN02697,Matched
TXN02698,Matched
TXN02699,Matched
TXN02700,Matched
TXN02701,Matched
TXN02702,Matched
TXN02703,Matched
TXN02704,Matched
TXN02705,Matched
TXN02706,Matched
TXN02707,Matched
TXN02708,Matched
TXN02709,Matched
TXN02710,Matched
TXN02711,Matched
TXN02712,Matched
TXN02713,Amount Mismatch
TXN02714,Matched
TXN02715,Matched
TXN02716,Amount Mismatch
TXN02717,Matched
TXN02718,Matched
TXN02719,Amount Mismatch
TXN02720,Matched
TXN02721,Matched
TXN02722,Matched
TXN02723,Matched
TXN02724,Matched
TXN02725,Matched
TXN02726,Matched
TXN02727,Matched
TXN02728,Matched
TXN02729,Missing in Ledger
TXN02730,Matched
TXN02731,Matched
TXN02732,Matched
TXN02733,Matched
TXN02734,Matched
TXN02735,Matched
TXN02736,Matched
TXN02737,Matched
TXN02738,Matched
TXN02739,Matched
TXN02740,Matched
TXN02741,Matched
TXN02742,Matched
TXN02743,Matched
TXN02744,Matched
TXN02745,Matched
TXN02746,Matched
TXN02747,Matched
TXN02748,Matched
TXN02749,Matched
TXN02750,Matched
TXN02751,Matched
TXN02752,Matched
TXN02753,Matched
TXN02754,Matched
TXN02755,Matched
TXN02756,Matched
TXN02757,Matched
TXN02758,Matched
TXN02759,Matched
TXN02760,Matched
TXN02761,Matched
TXN02762,Matched
TXN02763,Matched
TXN02764,Matched
TXN02765,Matched
TXN02766,Matched
TXN02767,Matched
TXN02768,Matched
TXN02769,Matched
TXN02770,Matched
TXN02771,Matched
TXN02772,Matched
TXN02773,Matched
TXN02774,Matched
TXN02775,Matched
TXN02776,Matched
TXN02777,Matched
TXN02778,Matched
TXN02779,Matched
TXN02780,Matched
TXN02781,Matched
TXN02782,Matched
TXN02783,Matched
TXN02784,Matched
TXN02785,Matched
TXN02786,Matched
TXN02787,Matched
TXN02788,Matched
TXN02789,Matched
TXN02790,Matched
TXN02791,Matched
TXN02792,Missing in Ledger
TXN02793,Matched
TXN02794,Matched
TXN02795,Matched
TXN02796,Matched
TXN02797,Matched
TXN02798,Matched
TXN02799,Matched
TXN02800,Matched
TXN02801,Matched
TXN02802,Matched
TXN02803,Matched
TXN02804,Matched
TXN02805,Matched
TXN02806,Matched
TXN02807,Matched
TXN02808,Matched
TXN02809,Matched
TXN02810,Matched
TXN02811,Matched
TXN02812,Matched
TXN02813,Matched
TXN02814,Matched
TXN02815,Matched
TXN02816,Matched
TXN02817,Matched
TXN02818,Matched
TXN02819,Matched
TXN02820,Matched
TXN02821,Matched
TXN02822,Matched
TXN02823,Matched
TXN02824,Matched
TXN02825,Matched
TXN02826,Matched
TXN02827,Amount Mismatch
TXN02828,Matched
TXN02829,Matched
TXN02830,Amount Mismatch
TXN02831,Matched
TXN02832,Matched
TXN02833,Matched
TXN02834,Amount Mismatch
TXN02835,Matched
TXN02836,Amount Mismatch
TXN02837,Matched
TXN02838,Matched
TXN02839,Amount Mismatch
TXN02840,Matched
TXN02841,Matched
TXN02842,Amount Mismatch
TXN02843,Matched
TXN02844,Matched
TXN02845,Matched
TXN02846,Matched
TXN02847,Matched
TXN02848,Matched
TXN02849,Matched
TXN02850,Matched
TXN02851,Matched
TXN02852,Matched
TXN02853,Missing in Ledger
TXN02854,Matched
TXN02855,Matched
TXN02856,Matched
TXN02857,Matched
TXN02858,Matched
TXN02859,Matched
TXN02860,Matched
TXN02861,Matched
TXN02862,Matched
TXN02863,Matched
TXN02864,Matched
TXN02865,Matched
TXN02866,Matched
TXN02867,Matched
TXN02868,Matched
TXN02869,Matched
TXN02870,Matched
TXN02871,Matched
TXN02872,Matched
TXN02873,Matched
TXN02874,Matched
TXN02875,Matched
TXN02876,Matched
TXN02877,Matched
TXN02878,Matched
TXN02879,Matched
TXN02880,Matched
TXN02881,Matched
TXN02882,Matched
TXN02883,Matched
TXN02884,Matched
TXN02885,Matched
TXN02886,Matched
TXN02887,Matched
TXN02888,Matched
TXN02889,Matched
TXN02890,Matched
TXN02891,Matched
TXN02892,Matched
TXN02893,Matched
TXN02894,Matched
TXN02895,Matched
TXN02896,Matched
TXN02897,Matched
TXN02898,Matched
TXN02899,Matched
TXN02900,Matched
TXN02901,Matched
TXN02902,Matched
TXN02903,Matched
TXN02904,Matched
TXN02905,Matched
TXN02906,Matched
TXN02907,Matched
TXN02908,Matched
TXN02909,Matched
TXN02910,Matched
TXN02911,Matched
TXN02912,Matched
TXN02913,Matched
TXN02914,Matched
TXN02915,Matched
TXN02916,Matched
TXN02917,Amount Mismatch
TXN02918,Matched
TXN02919,Missing in Ledger
TXN02920,Amount Mismatch
TXN02921,Matched
TXN02922,Amount Mismatch
TXN02923,Matched
TXN02924,Matched
TXN02925,Amount Mismatch
TXN02926,Matched
TXN02927,Matched
TXN02928,Matched
TXN02929,Matched
TXN02930,Matched
TXN02931,Matched
TXN02932,Matched
TXN02933,Matched
TXN02933,Matched
TXN02934,Matched
TXN02935,Matched
TXN02936,Matched
TXN02937,Matched
TXN02938,Matched
TXN02939,Matched
TXN02940,Matched
TXN02941,Matched
TXN02942,Matched
TXN02943,Matched
TXN02944,Matched
TXN02945,Matched
TXN02946,Matched
TXN02947,Matched
TXN02948,Matched
TXN02949,Matched
TXN02950,Matched
TXN02951,Matched
TXN02952,Matched
TXN02953,Matched
TXN02954,Matched
TXN02955,Matched
TXN02956,Matched
TXN02957,Matched
TXN02958,Matched
TXN02959,Matched
TXN02960,Matched
TXN02961,Matched
TXN02962,Matched
TXN02963,Matched
TXN02964,Matched
TXN02965,Matched
TXN02966,Matched
TXN02967,Matched
TXN02968,Matched
TXN02969,Matched
TXN02970,Matched
TXN02971,Matched
TXN02972,Matched
TXN02973,Matched
TXN02974,Matched
TXN02975,Matched
TXN02976,Matched
TXN02977,Matched
TXN02978,Matched
TXN02979,Matched
TXN02980,Matched
TXN02981,Matched
TXN02982,Matched
TXN02983,Matched
TXN02984,Missing in Ledger
TXN02985,Matched
TXN02986,Matched
TXN02987,Matched
TXN02988,Matched
TXN02989,Matched
TXN02990,Matched
TXN02991,Matched
TXN02992,Matched
TXN02993,Matched
TXN02994,Matched
TXN02995,Matched
TXN02996,Amount Mismatch
TXN02997,Matched
TXN02998,Matched
TXN02999,Matched
TXN03000,Amount Mismatch
TXN03001,Matched
TXN03002,Amount Mismatch
TXN03003,Matched
TXN03004,Matched
TXN03005,Matched
TXN03006,Matched
TXN03007,Amount Mismatch
TXN03008,Matched
TXN03009,Matched
TXN03010,Matched
TXN03011,Matched
TXN03012,Matched
TXN03013,Matched
TXN03014,Matched
TXN03015,Matched
TXN03016,Matched
TXN03017,Matched
TXN03018,Matched
TXN03019,Matched
TXN03020,Matched
TXN03021,Matched
TXN03022,Matched
TXN03023,Matched
TXN03024,Matched
TXN03025,Matched
TXN03026,Matched
TXN03027,Matched
TXN03028,Matched
TXN03029,Matched
TXN03030,Matched
TXN03031,Matched
TXN03032,Matched
TXN03033,Matched
TXN03034,Matched
TXN03035,Matched
TXN03036,Matched
TXN03037,Matched
TXN03038,Matched
TXN03039,Matched
TXN03040,Matched
TXN03041,Matched
TXN03042,Matched
TXN03043,Matched
TXN03044,Matched
TXN03045,Missing in Ledger
TXN03046,Matched
TXN03047,Matched
TXN03048,Matched
TXN03049,Matched
TXN03050,Matched
TXN03051,Matched
TXN03052,Matched
TXN03053,Matched
TXN03054,Matched
TXN03055,Matched
TXN03056,Matched
TXN03057,Matched
TXN03058,Matched
TXN03059,Matched
TXN03060,Matched
TXN03061,Matched
TXN03062,Matched
TXN03063,Matched
TXN03064,Matched
TXN03065,Matched
TXN03066,Matched
TXN03067,Matched
TXN03068,Matched
TXN03069,Matched
TXN03070,Matched
TXN03071,Matched
TXN03072,Matched
TXN03073,Amount Mismatch
TXN03074,Matched
TXN03075,Amount Mismatch
TXN03076,Matched
TXN03077,Matched
TXN03078,Amount Mismatch
TXN03079,Matched
TXN03080,Amount Mismatch
TXN03081,Matched
TXN03082,Matched
TXN03083,Matched
TXN03084,Missing in Ledger
TXN03085,Matched
TXN03086,Matched
TXN03087,Matched
TXN03088,Matched
TXN03089,Matched
TXN03090,Matched
TXN03091,Matched
TXN03092,Matched
TXN03093,Matched
TXN03094,Matched
TXN03095,Matched
TXN03096,Matched
TXN03097,Matched
TXN03098,Matched
TXN03099,Matched
TXN03100,Matched
TXN03101,Matched
TXN03102,Matched
TXN03103,Matched
TXN03104,Matched
TXN03105,Matched
TXN03106,Matched
TXN03107,Matched
TXN03108,Matched
TXN03109,Matched
TXN03110,Matched
TXN03111,Matched
TXN03112,Matched
TXN03113,Matched
TXN03114,Matched
TXN03115,Matched
TXN03116,Matched
TXN03117,Matched
TXN03118,Matched
TXN03119,Matched
TXN03120,Matched
TXN03121,Matched
TXN03122,Matched
TXN03123,Matched
TXN03124,Matched
TXN03125,Matched
TXN03126,Matched
TXN03127,Matched
TXN03128,Matched
TXN03129,Matched
TXN03130,Matched
TXN03131,Matched
TXN03132,Matched
TXN03133,Matched
TXN03134,Matched
TXN03135,Matched
TXN03136,Matched
TXN03137,Matched
TXN03138,Matched
TXN03139,Matched
TXN03140,Matched
TXN03141,Matched
TXN03142,Matched
TXN03143,Matched
TXN03144,Matched
TXN03145,Matched
TXN03146,Matched
TXN03147,Matched
TXN03148,Matched
TXN03149,Matched
TXN03150,Matched
TXN03151,Matched
TXN03152,Matched
TXN03153,Matched
TXN03154,Amount Mismatch
TXN03155,Matched
TXN03156,Matched
TXN03157,Matched
TXN03158,Amount Mismatch
TXN03159,Matched
TXN03160,Matched
TXN03161,Matched
TXN03162,Amount Mismatch
TXN03163,Matched
TXN03164,Matched
TXN03165,Matched
TXN03166,Matched
TXN03167,Matched
TXN03168,Matched
TXN03169,Matched
TXN03170,Matched
TXN03171,Matched
TXN03172,Matched
TXN03173,Matched
TXN03174,Matched
TXN03175,Matched
TXN03176,Matched
TXN03177,Matched
TXN03178,Matched
TXN03179,Matched
TXN03180,Matched
TXN03181,Matched
TXN03182,Matched
TXN03183,Matched
TXN03184,Matched
TXN03185,Matched
TXN03186,Matched
TXN03187,Matched
TXN03188,Matched
TXN03189,Matched
TXN03190,Matched
TXN03191,Matched
TXN03192,Matched
TXN03193,Matched
TXN03194,Matched
TXN03195,Matched
TXN03196,Matched
TXN03197,Matched
TXN03198,Matched
TXN03199,Matched
TXN03200,Matched
TXN03201,Matched
TXN03202,Matched
TXN03203,Matched
TXN03204,Matched
TXN03205,Matched
TXN03206,Matched
TXN03207,Matched
TXN03208,Matched
TXN03209,Matched
TXN03210,Matched
TXN03211,Matched
TXN03212,Matched
TXN03213,Matched
TXN03214,Matched
TXN03215,Matched
TXN03216,Matched
TXN03217,Matched
TXN03218,Matched
TXN03219,Matched
TXN03220,Matched
TXN03221,Matched
TXN03222,Matched
TXN03223,Matched
TXN03224,Matched
TXN03225,Matched
TXN03226,Matched
TXN03227,Matched
TXN03228,Matched
TXN03229,Matched
TXN03230,Matched
TXN03231,Matched
TXN03232,Matched
TXN03233,Matched
TXN03234,Matched
TXN03235,Matched
TXN03236,Matched
TXN03237,Matched
TXN03238,Matched
TXN03239,Matched
TXN03240,Matched
TXN03241,Matched
TXN03242,Matched
TXN03243,Matched
TXN03244,Matched
TXN03245,Matched
TXN03246,Matched
TXN03247,Matched
TXN03248,Matched
TXN03249,Matched
TXN03250,Matched
TXN03251,Matched
TXN03252,Matched
TXN03253,Matched
TXN03254,Matched
TXN03255,Matched
TXN03256,Matched
TXN03257,Matched
TXN03258,Matched
TXN03259,Matched
TXN03260,Matched
TXN03261,Matched
TXN03262,Matched
TXN03263,Matched
TXN03264,Matched
TXN03265,Matched
TXN03266,Matched
TXN03267,Matched
TXN03268,Matched
TXN03269,Matched
TXN03270,Matched
TXN03271,Matched
TXN03272,Matched
TXN03273,Matched
TXN03274,Matched
TXN03275,Matched
TXN03276,Matched
TXN03277,Matched
TXN03278,Matched
TXN03279,Matched
TXN03280,Matched
TXN03281,Matched
TXN03282,Matched
TXN03283,Matched
TXN03284,Matched
TXN03285,Matched
TXN03286,Matched
TXN03287,Matched
TXN03288,Matched
TXN03289,Matched
TXN03290,Matched
TXN03291,Matched
TXN03292,Matched
TXN03293,Matched
TXN03294,Matched
TXN03295,Matched
TXN03296,Matched
TXN03297,Matched
TXN03298,Matched
TXN03299,Amount Mismatch
TXN03300,Matched
TXN03301,Matched
TXN03302,Matched
TXN03303,Amount Mismatch
TXN03304,Matched
TXN03305,Matched
TXN03306,Amount Mismatch
TXN03307,Matched
TXN03308,Matched
TXN03309,Matched
TXN03310,Matched
TXN03311,Matched
TXN03312,Matched
TXN03313,Matched
TXN03314,Matched
TXN03315,Matched
TXN03316,Matched
TXN03317,Matched
TXN03318,Matched
TXN03319,Matched
TXN03320,Matched
TXN03321,Matched
TXN03322,Matched
TXN03323,Matched
TXN03324,Matched
TXN03325,Matched
TXN03326,Matched
TXN03327,Matched
TXN03328,Matched
TXN03329,Matched
TXN03330,Matched
TXN03331,Matched
TXN03332,Matched
TXN03333,Matched
TXN03334,Matched
TXN03335,Matched
TXN03336,Matched
TXN03337,Matched
TXN03338,Matched
TXN03339,Matched
TXN03340,Matched
TXN03341,Matched
TXN03342,Matched
TXN03343,Matched
TXN03344,Matched
TXN03345,Matched
TXN03346,Matched
TXN03347,Matched
TXN03348,Matched
TXN03349,Matched
TXN03350,Matched
TXN03351,Matched
TXN03352,Matched
TXN03353,Matched
TXN03354,Matched
TXN03355,Matched
TXN03356,Matched
TXN03357,Matched
TXN03358,Matched
TXN03359,Matched
TXN03360,Matched
TXN03361,Matched
TXN03362,Matched
TXN03363,Matched
TXN03364,Matched
TXN03365,Matched
TXN03366,Matched
TXN03367,Matched
TXN03368,Amount Mismatch
TXN03369,Matched
TXN03370,Amount Mismatch
TXN03371,Matched
TXN03372,Amount Mismatch
TXN03373,Matched
TXN03374,Matched
TXN03375,Matched
TXN03376,Matched
TXN03377,Matched
TXN03378,Matched
TXN03379,Matched
TXN03380,Matched
TXN03381,Matched
TXN03382,Matched
TXN03383,Matched
TXN03384,Matched
TXN03385,Matched
TXN03386,Matched
TXN03387,Matched
TXN03388,Matched
TXN03389,Matched
TXN03390,Matched
TXN03391,Matched
TXN03392,Matched
TXN03393,Matched
TXN03394,Matched
TXN03395,Matched
TXN03396,Matched
TXN03397,Matched
TXN03398,Matched
TXN03399,Matched
TXN03400,Matched
TXN03401,Matched
TXN03402,Matched
TXN03403,Matched
TXN03404,Matched
TXN03405,Matched
TXN03406,Matched
TXN03407,Matched
TXN03408,Matched
TXN03409,Matched
TXN03410,Matched
TXN03411,Matched
TXN03412,Matched
TXN03413,Matched
TXN03414,Matched
TXN03415,Matched
TXN03416,Matched
TXN03417,Matched
TXN03418,Matched
TXN03419,Matched
TXN03420,Matched
TXN03421,Matched
TXN03422,Matched
TXN03423,Matched
TXN03424,Matched
TXN03425,Matched
TXN03426,Matched
TXN03427,Matched
TXN03428,Matched
TXN03429,Matched
TXN03430,Matched
TXN03431,Matched
TXN03432,Matched
TXN03433,Matched
TXN03434,Matched
TXN03435,Matched
TXN03436,Matched
TXN03437,Matched
TXN03438,Matched
TXN03439,Matched
TXN03440,Matched
TXN03441,Matched
TXN03442,Matched
TXN03443,Matched
TXN03444,Matched
TXN03445,Amount Mismatch
TXN03446,Matched
TXN03447,Matched
TXN03448,Matched
TXN03449,Matched
TXN03450,Matched
TXN03451,Matched
TXN03451,Matched
TXN03452,Matched
TXN03453,Matched
TXN03454,Matched
TXN03455,Matched
TXN03456,Matched
TXN03457,Matched
TXN03458,Matched
TXN03459,Matched
TXN03460,Matched
TXN03461,Matched
TXN03462,Matched
TXN03463,Matched
TXN03464,Matched
TXN03465,Matched
TXN03466,Matched
TXN03467,Matched
TXN03468,Matched
TXN03469,Matched
TXN03470,Matched
TXN03471,Matched
TXN03472,Matched
TXN03473,Matched
TXN03474,Matched
TXN03475,Matched
TXN03476,Matched
TXN03477,Matched
TXN03478,Matched
TXN03479,Matched
TXN03480,Matched
TXN03481,Matched
TXN03482,Matched
TXN03483,Matched
TXN03484,Matched
TXN03485,Matched
TXN03486,Matched
TXN03487,Matched
TXN03488,Matched
TXN03489,Matched
TXN03490,Matched
TXN03491,Matched
TXN03492,Matched
TXN03493,Matched
TXN03494,Matched
TXN03495,Matched
TXN03496,Matched
TXN03497,Matched
TXN03498,Matched
TXN03499,Matched
TXN03500,Matched
TXN03501,Matched
TXN03502,Matched
TXN03503,Matched
TXN03504,Matched
TXN03505,Matched
TXN03506,Matched
TXN03507,Matched
TXN03508,Matched
TXN03509,Matched
TXN03510,Matched
TXN03511,Matched
TXN03512,Matched
TXN03513,Matched
TXN03514,Matched
TXN03515,Matched
TXN03516,Matched
TXN03517,Matched
TXN03518,Matched
TXN03519,Matched
TXN03520,Matched
TXN03521,Matched
TXN03522,Matched
TXN03523,Amount Mismatch
TXN03524,Matched
TXN03525,Matched
TXN03526,Amount Mismatch
TXN03527,Matched
TXN03527,Matched
TXN03528,Matched
TXN03529,Matched
TXN03530,Matched
TXN03531,Matched
TXN03532,Matched
TXN03533,Matched
TXN03534,Matched
TXN03535,Matched
TXN03536,Matched
TXN03537,Matched
TXN03538,Matched
TXN03539,Matched
TXN03540,Matched
TXN03541,Matched
TXN03542,Matched
TXN03543,Matched
TXN03544,Matched
TXN03545,Matched
TXN03546,Matched
TXN03547,Matched
TXN03548,Matched
TXN03549,Matched
TXN03550,Matched
TXN03551,Matched
TXN03552,Matched
TXN03553,Matched
TXN03554,Matched
TXN03555,Matched
TXN03556,Matched
TXN03557,Matched
TXN03558,Matched
TXN03559,Matched
TXN03560,Matched
TXN03561,Matched
TXN03562,Matched
TXN03563,Matched
TXN03564,Matched
TXN03565,Matched
TXN03566,Matched
TXN03567,Matched
TXN03568,Matched
TXN03569,Matched
TXN03570,Matched
TXN03571,Matched
TXN03572,Matched
TXN03573,Matched
TXN03574,Matched
TXN03575,Matched
TXN03576,Matched
TXN03577,Matched
TXN03578,Matched
TXN03579,Matched
TXN03580,Matched
TXN03581,Matched
TXN03582,Matched
TXN03583,Matched
TXN03584,Matched
TXN03585,Matched
TXN03586,Matched
TXN03587,Matched
TXN03588,Matched
TXN03589,Matched
TXN03590,Matched
TXN03591,Matched
TXN03592,Matched
TXN03593,Matched
TXN03594,Matched
TXN03595,Matched
TXN03596,Matched
TXN03597,Matched
TXN03598,Matched
TXN03599,Matched
TXN03600,Amount Mismatch
TXN03601,Matched
TXN03602,Matched
TXN03603,Matched
TXN03604,Amount Mismatch
TXN03605,Matched
TXN03606,Matched
TXN03607,Amount Mismatch
TXN03608,Matched
TXN03609,Matched
TXN03610,Amount Mismatch
TXN03611,Matched
TXN03612,Matched
TXN03613,Matched
TXN03614,Matched
TXN03615,Matched
TXN03616,Matched
TXN03617,Matched
TXN03618,Matched
TXN03619,Matched
TXN03620,Matched
TXN03621,Matched
TXN03622,Matched
TXN03623,Matched
TXN03624,Matched
TXN03625,Matched
TXN03626,Matched
TXN03627,Matched
TXN03628,Matched
TXN03629,Matched
TXN03630,Matched
TXN03631,Matched
TXN03632,Matched
TXN03633,Matched
TXN03634,Matched
TXN03635,Matched
TXN03636,Matched
TXN03636,Matched
TXN03637,Matched
TXN03638,Matched
TXN03639,Matched
TXN03640,Matched
TXN03641,Matched
TXN03642,Matched
TXN03643,Matched
TXN03644,Matched
TXN03645,Matched
TXN03646,Matched
TXN03647,Matched
TXN03648,Matched
TXN03649,Matched
TXN03650,Matched
TXN03651,Matched
TXN03652,Matched
TXN03653,Matched
TXN03654,Matched
TXN03655,Matched
TXN03656,Matched
TXN03657,Matched
TXN03658,Matched
TXN03659,Matched
TXN03660,Matched
TXN03661,Matched
TXN03662,Matched
TXN03663,Matched
TXN03664,Matched
TXN03665,Matched
TXN03666,Matched
TXN03667,Matched
TXN03668,Matched
TXN03669,Matched
TXN03670,Matched
TXN03671,Matched
TXN03672,Matched
TXN03673,Matched
TXN03674,Matched
TXN03675,Matched
TXN03676,Matched
TXN03677,Matched
TXN03678,Matched
TXN03679,Matched
TXN03680,Matched
TXN03681,Matched
TXN03682,Matched
TXN03683,Matched
TXN03684,Matched
TXN03685,Matched
TXN03686,Matched
TXN03687,Matched
TXN03688,Matched
TXN03689,Matched
TXN03690,Matched
TXN03691,Matched
TXN03692,Matched
TXN03693,Matched
TXN03694,Amount Mismatch
TXN03695,Matched
TXN03696,Matched
TXN03697,Amount Mismatch
TXN03698,Matched
TXN03699,Amount Mismatch
TXN03700,Matched
TXN03701,Matched
TXN03701,Matched
TXN03702,Matched
TXN03703,Matched
TXN03704,Matched
TXN03705,Matched
TXN03706,Matched
TXN03707,Matched
TXN03708,Matched
TXN03709,Matched
TXN03710,Matched
TXN03711,Matched
TXN03712,Matched
TXN03713,Matched
TXN03714,Matched
TXN03715,Matched
TXN03716,Matched
TXN03717,Matched
TXN03718,Matched
TXN03719,Matched
TXN03720,Matched
TXN03721,Matched
TXN03722,Matched
TXN03723,Matched
TXN03724,Matched
TXN03725,Matched
TXN03726,Matched
TXN03727,Matched
TXN03728,Matched
TXN03729,Matched
TXN03730,Matched
TXN03731,Matched
TXN03732,Matched
TXN03733,Matched
TXN03734,Matched
TXN03735,Matched
TXN03736,Matched
TXN03737,Matched
TXN03738,Matched
TXN03739,Matched
TXN03740,Matched
TXN03741,Matched
TXN03742,Matched
TXN03743,Matched
TXN03744,Matched
TXN03745,Matched
TXN03746,Matched
TXN03747,Matched
TXN03748,Matched
TXN03749,Matched
TXN03750,Matched
TXN03751,Matched
TXN03752,Matched
TXN03753,Matched
TXN03754,Matched
TXN03755,Matched
TXN03756,Matched
TXN03757,Matched
TXN03758,Matched
TXN03759,Matched
TXN03760,Matched
TXN03761,Matched
TXN03762,Matched
TXN03763,Matched
TXN03764,Matched
TXN03765,Matched
TXN03766,Matched
TXN03767,Matched
TXN03768,Matched
TXN03769,Matched
TXN03770,Matched
TXN03771,Matched
TXN03772,Matched
TXN03773,Matched
TXN03774,Matched
TXN03775,Matched
TXN03776,Amount Mismatch
TXN03777,Matched
TXN03777,Matched
TXN03778,Matched
TXN03779,Matched
TXN03780,Amount Mismatch
TXN03781,Matched
TXN03782,Matched
TXN03783,Amount Mismatch
TXN03784,Matched
TXN03785,Matched
TXN03786,Matched
TXN03787,Amount Mismatch
TXN03788,Matched
TXN03789,Matched
TXN03790,Matched
TXN03791,Matched
TXN03792,Matched
TXN03793,Matched
TXN03794,Matched
TXN03795,Matched
TXN03796,Matched
TXN03797,Matched
TXN03798,Matched
TXN03799,Matched
TXN03800,Matched
TXN03801,Matched
TXN03802,Matched
TXN03803,Matched
TXN03804,Matched
TXN03805,Matched
TXN03806,Matched
TXN03807,Matched
TXN03808,Matched
TXN03809,Matched
TXN03810,Matched
TXN03811,Matched
TXN03812,Matched
TXN03813,Matched
TXN03814,Matched
TXN03815,Matched
TXN03816,Matched
TXN03817,Matched
TXN03818,Matched
TXN03819,Matched
TXN03820,Matched
TXN03821,Matched
TXN03822,Matched
TXN03823,Matched
TXN03824,Matched
TXN03825,Matched
TXN03826,Matched
TXN03827,Matched
TXN03828,Matched
TXN03829,Matched
TXN03830,Matched
TXN03831,Matched
TXN03832,Matched
TXN03833,Matched
TXN03834,Matched
TXN03835,Matched
TXN03836,Matched
TXN03837,Matched
TXN03838,Amount Mismatch
TXN03839,Matched
TXN03840,Matched
TXN03840,Matched
TXN03841,Matched
TXN03842,Matched
TXN03843,Amount Mismatch
TXN03844,Matched
TXN03845,Matched
TXN03846,Matched
TXN03847,Matched
TXN03848,Matched
TXN03849,Matched
TXN03850,Matched
TXN03851,Matched
TXN03852,Matched
TXN03853,Matched
TXN03854,Matched
TXN03855,Missing in Ledger
TXN03856,Matched
TXN03857,Matched
TXN03858,Matched
TXN03859,Matched
TXN03860,Matched
TXN03861,Matched
TXN03862,Matched
TXN03863,Matched
TXN03864,Matched
TXN03865,Matched
TXN03866,Matched
TXN03867,Matched
TXN03868,Matched
TXN03869,Matched
TXN03870,Matched
TXN03871,Matched
TXN03872,Matched
TXN03873,Matched
TXN03874,Matched
TXN03875,Matched
TXN03876,Matched
TXN03877,Matched
TXN03878,Matched
TXN03879,Matched
TXN03880,Matched
TXN03881,Matched
TXN03882,Matched
TXN03883,Matched
TXN03884,Matched
TXN03885,Matched
TXN03886,Matched
TXN03887,Matched
TXN03888,Matched
TXN03889,Matched
TXN03890,Matched
TXN03891,Matched
TXN03892,Matched
TXN03892,Matched
TXN03893,Matched
TXN03894,Missing in Ledger
TXN03895,Matched
TXN03896,Matched
TXN03897,Matched
TXN03898,Matched
TXN03899,Matched
TXN03900,Matched
TXN03901,Matched
TXN03902,Matched
TXN03903,Matched
TXN03904,Matched
TXN03905,Matched
TXN03906,Matched
TXN03907,Matched
TXN03908,Matched
TXN03909,Matched
TXN03910,Matched
TXN03911,Matched
TXN03912,Matched
TXN03913,Matched
TXN03914,Matched
TXN03915,Matched
TXN03916,Matched
TXN03917,Matched
TXN03918,Amount Mismatch
TXN03919,Matched
TXN03920,Matched
TXN03921,Matched
TXN03922,Matched
TXN03923,Missing in Ledger
TXN03924,Amount Mismatch
TXN03925,Matched
TXN03926,Matched
TXN03927,Matched
TXN03928,Amount Mismatch
TXN03929,Matched
TXN03930,Matched
TXN03931,Amount Mismatch
TXN03932,Matched
TXN03933,Matched
TXN03934,Matched
TXN03935,Matched
TXN03936,Matched
TXN03937,Matched
TXN03938,Matched
TXN03939,Matched
TXN03940,Matched
TXN03941,Matched
TXN03942,Matched
TXN03943,Matched
TXN03944,Matched
TXN03945,Matched
TXN03946,Matched
TXN03947,Matched
TXN03948,Matched
TXN03949,Matched
TXN03950,Matched
TXN03951,Matched
TXN03952,Matched
TXN03953,Matched
TXN03954,Matched
TXN03955,Matched
TXN03956,Matched
TXN03957,Missing in Ledger
TXN03958,Matched
TXN03959,Matched
TXN03960,Matched
TXN03961,Matched
TXN03962,Matched
TXN03963,Matched
TXN03964,Matched
TXN03965,Matched
TXN03966,Matched
TXN03967,Matched
TXN03968,Matched
TXN03969,Matched
TXN03970,Matched
TXN03971,Matched
TXN03972,Matched
TXN03973,Matched
TXN03974,Matched
TXN03975,Matched
TXN03976,Matched
TXN03977,Matched
TXN03978,Matched
TXN03979,Matched
TXN03980,Matched
TXN03981,Matched
TXN03982,Matched
TXN03983,Matched
TXN03984,Matched
TXN03985,Matched
TXN03986,Matched
TXN03987,Matched
TXN03988,Matched
TXN03989,Matched
TXN03990,Matched
TXN03991,Matched
TXN03992,Matched
TXN03993,Matched
TXN03994,Matched
TXN03995,Matched
TXN03996,Matched
TXN03997,Matched
TXN03998,Matched
TXN03999,Matched
TXN04000,Matched
TXN04001,Matched
TXN04002,Matched
TXN04003,Matched
TXN04004,Matched
TXN04005,Matched
TXN04006,Matched
TXN04007,Matched
TXN04008,Matched
TXN04009,Matched
TXN04010,Matched
TXN04011,Matched
TXN04012,Matched
TXN04013,Missing in Ledger
TXN04014,Matched
TXN04015,Matched
TXN04016,Matched
TXN04017,Matched
TXN04018,Matched
TXN04019,Matched
TXN04020,Matched
TXN04021,Matched
TXN04022,Matched
TXN04023,Matched
TXN04024,Matched
TXN04025,Matched
TXN04026,Matched
TXN04027,Matched
TXN04028,Matched
TXN04029,Matched
TXN04030,Matched
TXN04031,Matched
TXN04032,Matched
TXN04033,Matched
TXN04034,Matched
TXN04035,Matched
TXN04036,Matched
TXN04037,Matched
TXN04038,Matched
TXN04039,Matched
TXN04040,Matched
TXN04041,Matched
TXN04042,Matched
TXN04043,Matched
TXN04044,Matched
TXN04045,Matched
TXN04046,Matched
TXN04047,Matched
TXN04048,Matched
TXN04049,Matched
TXN04050,Matched
TXN04051,Matched
TXN04052,Matched
TXN04053,Matched
TXN04054,Matched
TXN04055,Matched
TXN04056,Matched
TXN04057,Matched
TXN04058,Matched
TXN04058,Matched
TXN04059,Matched
TXN04060,Matched
TXN04061,Amount Mismatch
TXN04062,Matched
TXN04063,Matched
TXN04064,Amount Mismatch
TXN04065,Missing in Ledger
TXN04066,Amount Mismatch
TXN04067,Matched
TXN04068,Matched
TXN04069,Amount Mismatch
TXN04070,Matched
TXN04071,Matched
TXN04072,Matched
TXN04073,Matched
TXN04074,Matched
TXN04075,Matched
TXN04076,Matched
TXN04077,Matched
TXN04078,Matched
TXN04079,Matched
TXN04080,Matched
TXN04081,Matched
TXN04082,Matched
TXN04083,Matched
TXN04084,Matched
TXN04085,Matched
TXN04086,Matched
TXN04087,Matched
TXN04088,Matched
TXN04089,Matched
TXN04090,Matched
TXN04091,Matched
TXN04092,Matched
TXN04093,Matched
TXN04094,Matched
TXN04095,Matched
TXN04096,Matched
TXN04097,Matched
TXN04098,Matched
TXN04099,Matched
TXN04100,Matched
TXN04101,Matched
TXN04102,Missing in Ledger
TXN04103,Matched
TXN04104,Matched
TXN04105,Matched
TXN04106,Matched
TXN04107,Matched
TXN04108,Matched
TXN04109,Matched
TXN04110,Matched
TXN04111,Matched
TXN04112,Matched
TXN04113,Matched
TXN04114,Matched
TXN04115,Matched
TXN04116,Matched
TXN04117,Matched
TXN04118,Matched
TXN04119,Matched
TXN04120,Matched
TXN04121,Matched
TXN04122,Matched
TXN04123,Matched
TXN04124,Matched
TXN04125,Matched
TXN04126,Matched
TXN04127,Matched
TXN04128,Matched
TXN04129,Matched
TXN04130,Matched
TXN04131,Matched
TXN04132,Matched
TXN04133,Matched
TXN04134,Matched
TXN04135,Matched
TXN04136,Matched
TXN04137,Matched
TXN04138,Matched
TXN04139,Matched
TXN04140,Matched
TXN04141,Matched
TXN04142,Matched
TXN04143,Matched
TXN04144,Matched
TXN04145,Matched
TXN04146,Matched
TXN04147,Matched
TXN04148,Matched
TXN04149,Matched
TXN04150,Matched
TXN04151,Matched
TXN04152,Matched
TXN04153,Matched
TXN04154,Matched
TXN04155,Matched
TXN04156,Matched
TXN04157,Missing in Ledger
TXN04158,Matched
TXN04159,Matched
TXN04160,Matched
TXN04161,Matched
TXN04162,Matched
TXN04163,Matched
TXN04164,Matched
TXN04165,Matched
TXN04166,Matched
TXN04167,Matched
TXN04168,Matched
TXN04169,Matched
TXN04170,Matched
TXN04171,Matched
TXN04172,Matched
TXN04173,Matched
TXN04174,Matched
TXN04175,Matched
TXN04176,Matched
TXN04177,Matched
TXN04178,Matched
TXN04179,Matched
TXN04180,Matched
TXN04181,Matched
TXN04182,Matched
TXN04183,Matched
TXN04184,Matched
TXN04185,Matched
TXN04186,Matched
TXN04187,Matched
TXN04188,Matched
TXN04189,Matched
TXN04190,Matched
TXN04191,Matched
TXN04192,Matched
TXN04193,Matched
TXN04194,Matched
TXN04195,Matched
TXN04196,Matched
TXN04197,Matched
TXN04198,Matched
TXN04199,Matched
TXN04200,Matched
TXN04201,Matched
TXN04202,Matched
TXN04203,Matched
TXN04204,Matched
TXN04205,Matched
TXN04206,Matched
TXN04207,Matched
TXN04208,Matched
TXN04209,Matched
TXN04210,Matched
TXN04211,Matched
TXN04212,Matched
TXN04213,Missing in Ledger
TXN04214,Matched
TXN04215,Matched
TXN04216,Matched
TXN04217,Matched
TXN04218,Matched
TXN04219,Amount Mismatch
TXN04220,Matched
TXN04221,Matched
TXN04222,Amount Mismatch
TXN04223,Matched
TXN04224,Matched
TXN04225,Matched
TXN04226,Matched
TXN04227,Amount Mismatch
TXN04228,Matched
TXN04229,Matched
TXN04230,Amount Mismatch
TXN04231,Matched
TXN04232,Amount Mismatch
TXN04233,Matched
TXN04234,Matched
TXN04235,Matched
TXN04236,Matched
TXN04237,Matched
TXN04238,Matched
TXN04239,Matched
TXN04240,Matched
TXN04241,Matched
TXN04242,Matched
TXN04243,Matched
TXN04244,Matched
TXN04245,Matched
TXN04246,Matched
TXN04247,Matched
TXN04248,Matched
TXN04249,Matched
TXN04250,Matched
TXN04251,Matched
TXN04252,Matched
TXN04253,Matched
TXN04254,Matched
TXN04255,Matched
TXN04256,Matched
TXN04256,Matched
TXN04257,Matched
TXN04258,Matched
TXN04259,Matched
TXN04260,Matched
TXN04261,Matched
TXN04262,Matched
TXN04263,Matched
TXN04264,Matched
TXN04265,Matched
TXN04266,Matched
TXN04267,Matched
TXN04268,Matched
TXN04269,Matched
TXN04270,Matched
TXN04271,Matched
TXN04272,Matched
TXN04273,Missing in Ledger
TXN04274,Matched
TXN04275,Matched
TXN04276,Matched
TXN04277,Matched
TXN04278,Matched
TXN04279,Matched
TXN04280,Matched
TXN04281,Matched
TXN04282,Matched
TXN04283,Matched
TXN04284,Matched
TXN04285,Matched
TXN04286,Matched
TXN04287,Matched
TXN04288,Matched
TXN04289,Matched
TXN04290,Matched
TXN04291,Matched
TXN04292,Matched
TXN04293,Matched
TXN04294,Matched
TXN04295,Matched
TXN04296,Matched
TXN04297,Matched
TXN04298,Matched
TXN04299,Matched
TXN04300,Matched
TXN04301,Matched
TXN04302,Matched
TXN04303,Matched
TXN04304,Matched
TXN04305,Matched
TXN04306,Matched
TXN04307,Matched
TXN04308,Matched
TXN04309,Matched
TXN04310,Matched
TXN04311,Matched
TXN04312,Matched
TXN04313,Matched
TXN04314,Matched
TXN04315,Matched
TXN04316,Matched
TXN04317,Matched
TXN04318,Matched
TXN04319,Matched
TXN04320,Matched
TXN04321,Matched
TXN04322,Matched
TXN04323,Matched
TXN04324,Matched
TXN04325,Matched
TXN04326,Matched
TXN04327,Matched
TXN04328,Matched
TXN04329,Matched
TXN04330,Matched
TXN04331,Missing in Ledger
TXN04332,Matched
TXN04333,Matched
TXN04334,Matched
TXN04335,Matched
TXN04336,Matched
TXN04337,Matched
TXN04338,Matched
TXN04339,Matched
TXN04340,Matched
TXN04341,Matched
TXN04342,Matched
TXN04343,Matched
TXN04344,Matched
TXN04345,Matched
TXN04346,Matched
TXN04347,Matched
TXN04348,Matched
TXN04349,Matched
TXN04350,Matched
TXN04351,Matched
TXN04352,Matched
TXN04353,Amount Mismatch
TXN04354,Matched
TXN04355,Amount Mismatch
TXN04356,Matched
TXN04357,Matched
TXN04357,Matched
TXN04358,Matched
TXN04359,Matched
TXN04360,Matched
TXN04361,Matched
TXN04362,Matched
TXN04363,Matched
TXN04364,Matched
TXN04365,Matched
TXN04366,Matched
TXN04367,Matched
TXN04368,Matched
TXN04369,Matched
TXN04370,Matched
TXN04371,Matched
TXN04372,Matched
TXN04373,Matched
TXN04374,Matched
TXN04375,Matched
TXN04376,Matched
TXN04377,Matched
TXN04378,Matched
TXN04379,Matched
TXN04380,Matched
TXN04381,Matched
TXN04382,Matched
TXN04383,Matched
TXN04384,Matched
TXN04385,Matched
TXN04386,Matched
TXN04387,Matched
TXN04388,Matched
TXN04389,Missing in Ledger
TXN04390,Matched
TXN04391,Matched
TXN04392,Matched
TXN04393,Matched
TXN04394,Matched
TXN04395,Matched
TXN04396,Matched
TXN04397,Matched
TXN04398,Matched
TXN04399,Matched
TXN04400,Matched
TXN04401,Matched
TXN04402,Matched
TXN04403,Matched
TXN04404,Matched
TXN04405,Matched
TXN04406,Matched
TXN04407,Matched
TXN04408,Matched
TXN04409,Matched
TXN04410,Matched
TXN04411,Matched
TXN04412,Matched
TXN04413,Matched
TXN04414,Matched
TXN04415,Matched
TXN04416,Matched
TXN04417,Matched
TXN04418,Matched
TXN04419,Matched
TXN04420,Amount Mismatch
TXN04421,Matched
TXN04422,Amount Mismatch
TXN04423,Matched
TXN04424,Matched
TXN04425,Matched
TXN04426,Amount Mismatch
TXN04427,Matched
TXN04428,Amount Mismatch
TXN04429,Matched
TXN04430,Amount Mismatch
TXN04431,Matched
TXN04432,Matched
TXN04433,Matched
TXN04434,Matched
TXN04435,Matched
TXN04436,Matched
TXN04437,Matched
TXN04438,Matched
TXN04439,Matched
TXN04440,Matched
TXN04441,Matched
TXN04442,Matched
TXN04443,Matched
TXN04444,Matched
TXN04444,Matched
TXN04445,Matched
TXN04446,Matched
TXN04447,Missing in Ledger
TXN04448,Matched
TXN04449,Matched
TXN04450,Matched
TXN04451,Matched
TXN04452,Matched
TXN04453,Matched
TXN04454,Matched
TXN04455,Matched
TXN04456,Matched
TXN04457,Matched
TXN04458,Matched
TXN04459,Matched
TXN04460,Matched
TXN04461,Matched
TXN04462,Matched
TXN04463,Matched
TXN04464,Matched
TXN04465,Matched
TXN04466,Matched
TXN04467,Matched
TXN04468,Matched
TXN04469,Matched
TXN04470,Matched
TXN04471,Matched
TXN04472,Matched
TXN04473,Matched
TXN04474,Matched
TXN04475,Matched
TXN04476,Matched
TXN04477,Matched
TXN04478,Matched
TXN04479,Matched
TXN04480,Matched
TXN04481,Matched
TXN04482,Matched
TXN04483,Matched
TXN04484,Matched
TXN04485,Matched
TXN04486,Matched
TXN04487,Matched
TXN04488,Matched
TXN04489,Matched
TXN04490,Matched
TXN04491,Matched
TXN04492,Matched
TXN04493,Matched
TXN04494,Matched
TXN04495,Matched
TXN04496,Matched
TXN04497,Matched
TXN04498,Matched
TXN04499,Matched
TXN04500,Matched
TXN04501,Matched
TXN04502,Missing in Ledger
TXN04503,Matched
TXN04504,Matched
TXN04505,Matched
TXN04506,Matched
TXN04507,Matched
TXN04508,Matched
TXN04509,Matched
TXN04510,Matched
TXN04511,Matched
TXN04512,Matched
TXN04513,Matched
TXN04514,Matched
TXN04515,Matched
TXN04516,Matched
TXN04517,Matched
TXN04518,Matched
TXN04519,Matched
TXN04519,Matched
TXN04520,Matched
TXN04521,Matched
TXN04522,Matched
TXN04523,Matched
TXN04524,Matched
TXN04525,Matched
TXN04526,Matched
TXN04527,Matched
TXN04528,Matched
TXN04529,Matched
TXN04530,Matched
TXN04531,Matched
TXN04532,Matched
TXN04533,Matched
TXN04534,Matched
TXN04535,Matched
TXN04536,Matched
TXN04537,Matched
TXN04538,Matched
TXN04539,Matched
TXN04540,Matched
TXN04541,Matched
TXN04542,Matched
TXN04543,Matched
TXN04544,Matched
TXN04545,Matched
TXN04546,Matched
TXN04547,Matched
TXN04548,Matched
TXN04549,Matched
TXN04550,Matched
TXN04551,Matched
TXN04552,Matched
TXN04553,Matched
TXN04554,Matched
TXN04555,Matched
TXN04556,Matched
TXN04557,Matched
TXN04558,Matched
TXN04559,Matched
TXN04560,Matched
TXN04561,Matched
TXN04562,Matched
TXN04563,Matched
TXN04564,Matched
TXN04565,Missing in Ledger
TXN04566,Matched
TXN04567,Matched
TXN04568,Matched
TXN04569,Matched
TXN04570,Matched
TXN04571,Matched
TXN04572,Matched
TXN04573,Matched
TXN04574,Matched
TXN04575,Matched
TXN04576,Matched
TXN04577,Matched
TXN04578,Matched
TXN04579,Matched
TXN04580,Matched
TXN04581,Matched
TXN04582,Matched
TXN04583,Matched
TXN04584,Matched
TXN04585,Matched
TXN04586,Matched
TXN04587,Matched
TXN04588,Matched
TXN04589,Matched
TXN04590,Matched
TXN04591,Matched
TXN04592,Matched
TXN04593,Matched
TXN04594,Matched
TXN04595,Matched
TXN04596,Matched
TXN04597,Matched
TXN04598,Matched
TXN04599,Matched
TXN04600,Matched
TXN04601,Matched
TXN04602,Matched
TXN04603,Matched
TXN04604,Matched
TXN04605,Matched
TXN04606,Matched
TXN04607,Matched
TXN04608,Matched
TXN04609,Matched
TXN04610,Matched
TXN04611,Matched
TXN04612,Matched
TXN04613,Matched
TXN04613,Matched
TXN04614,Matched
TXN04615,Matched
TXN04616,Matched
TXN04617,Matched
TXN04618,Matched
TXN04619,Matched
TXN04620,Matched
TXN04621,Matched
TXN04622,Matched
TXN04623,Matched
TXN04624,Matched
TXN04625,Matched
TXN04626,Missing in Ledger
TXN04627,Matched
TXN04628,Matched
TXN04629,Matched
TXN04630,Matched
TXN04631,Matched
TXN04632,Matched
TXN04633,Matched
TXN04634,Matched
TXN04635,Matched
TXN04636,Matched
TXN04637,Matched
TXN04638,Matched
TXN04639,Matched
TXN04640,Matched
TXN04641,Matched
TXN04642,Matched
TXN04643,Matched
TXN04644,Matched
TXN04645,Matched
TXN04646,Matched
TXN04647,Matched
TXN04648,Matched
TXN04649,Matched
TXN04650,Matched
TXN04651,Matched
TXN04652,Matched
TXN04653,Matched
TXN04654,Matched
TXN04655,Matched
TXN04656,Matched
TXN04657,Matched
TXN04658,Matched
TXN04659,Matched
TXN04660,Matched
TXN04661,Matched
TXN04662,Matched
TXN04663,Matched
TXN04664,Matched
TXN04665,Matched
TXN04666,Matched
TXN04667,Matched
TXN04667,Matched
TXN04668,Matched
TXN04669,Matched
TXN04670,Matched
TXN04671,Matched
TXN04672,Matched
TXN04673,Missing in Ledger
TXN04674,Matched
TXN04675,Matched
TXN04676,Matched
TXN04677,Matched
TXN04678,Matched
TXN04679,Matched
TXN04680,Matched
TXN04681,Matched
TXN04682,Matched
TXN04683,Matched
TXN04684,Matched
TXN04685,Matched
TXN04686,Matched
TXN04687,Matched
TXN04688,Matched
TXN04689,Matched
TXN04690,Matched
TXN04691,Matched
TXN04692,Matched
TXN04693,Matched
TXN04694,Matched
TXN04695,Matched
TXN04696,Matched
TXN04697,Matched
TXN04698,Matched
TXN04699,Matched
TXN04700,Matched
TXN04701,Matched
TXN04702,Matched
TXN04703,Matched
TXN04704,Matched
TXN04705,Matched
TXN04706,Matched
TXN04707,Matched
TXN04708,Matched
TXN04709,Matched
TXN04710,Matched
TXN04711,Matched
TXN04712,Matched
TXN04713,Matched
TXN04714,Matched
TXN04715,Matched
TXN04716,Matched
TXN04717,Matched
TXN04717,Matched
TXN04718,Missing in Ledger
TXN04719,Matched
TXN04720,Matched
TXN04721,Matched
TXN04722,Matched
TXN04723,Matched
TXN04724,Matched
TXN04725,Matched
TXN04726,Matched
TXN04727,Matched
TXN04728,Matched
TXN04729,Matched
TXN04730,Matched
TXN04731,Matched
TXN04732,Matched
TXN04733,Matched
TXN04734,Matched
TXN04735,Matched
TXN04736,Matched
TXN04737,Amount Mismatch
TXN04738,Matched
TXN04739,Matched
TXN04740,Matched
TXN04741,Matched
TXN04742,Matched
TXN04743,Matched
TXN04744,Matched
TXN04745,Matched
TXN04746,Matched
TXN04747,Amount Mismatch
TXN04748,Matched
TXN04748,Matched
TXN04749,Matched
TXN04750,Matched
TXN04751,Matched
TXN04752,Matched
TXN04753,Amount Mismatch
TXN04754,Matched
TXN04755,Missing in Ledger
TXN04756,Amount Mismatch
TXN04757,Matched
TXN04758,Matched
TXN04759,Matched
TXN04760,Amount Mismatch
TXN04761,Matched
TXN04762,Matched
TXN04763,Matched
TXN04764,Matched
TXN04765,Amount Mismatch
TXN04766,Matched
TXN04767,Matched
TXN04768,Matched
TXN04769,Matched
TXN04770,Matched
TXN04771,Matched
TXN04772,Matched
TXN04773,Matched
TXN04774,Matched
TXN04775,Matched
TXN04776,Matched
TXN04777,Matched
TXN04778,Matched
TXN04779,Matched
TXN04780,Matched
TXN04781,Matched
TXN04782,Matched
TXN04783,Matched
TXN04784,Matched
TXN04785,Matched
TXN04786,Matched
TXN04787,Matched
TXN04787,Matched
TXN04788,Matched
TXN04789,Matched
TXN04790,Matched
TXN04791,Missing in Ledger
TXN04792,Matched
TXN04793,Matched
TXN04794,Matched
TXN04795,Matched
TXN04796,Matched
TXN04797,Matched
TXN04798,Matched
TXN04799,Missing in Ledger
TXN04800,Matched
TXN04801,Matched
TXN04802,Matched
TXN04803,Matched
TXN04804,Matched
TXN04805,Matched
TXN04806,Matched
TXN04807,Missing in Ledger
TXN04808,Amount Mismatch
TXN04809,Matched
TXN04810,Matched
TXN04811,Amount Mismatch
TXN04812,Matched
TXN04813,Matched
TXN04814,Matched
TXN04814,Matched
TXN04815,Matched
TXN04816,Amount Mismatch
TXN04817,Matched
TXN04818,Matched
TXN04819,Matched
TXN04820,Matched
TXN04821,Matched
TXN04822,Matched
TXN04823,Matched
TXN04824,Matched
TXN04825,Matched
TXN04826,Matched
TXN04827,Matched
TXN04828,Matched
TXN04829,Matched
TXN04830,Matched
TXN04831,Matched
TXN04832,Matched
TXN04833,Matched
TXN04834,Matched
TXN04835,Matched
TXN04836,Matched
TXN04837,Matched
TXN04838,Matched
TXN04839,Matched
TXN04840,Matched
TXN04841,Matched
TXN04842,Matched
TXN04843,Matched
TXN04843,Matched
TXN04844,Matched
TXN04845,Matched
TXN04846,Missing in Ledger
TXN04847,Matched
TXN04848,Matched
TXN04849,Matched
TXN04850,Matched
TXN04851,Matched
TXN04852,Matched
TXN04853,Matched
TXN04854,Matched
TXN04855,Matched
TXN04856,Matched
TXN04857,Matched
TXN04858,Matched
TXN04859,Matched
TXN04860,Amount Mismatch
TXN04861,Matched
TXN04862,Amount Mismatch
TXN04863,Matched
TXN04864,Matched
TXN04864,Matched
TXN04865,Matched
TXN04866,Matched
TXN04867,Amount Mismatch
TXN04868,Matched
TXN04869,Amount Mismatch
TXN04870,Matched
TXN04871,Matched
TXN04872,Matched
TXN04873,Matched
TXN04874,Matched
TXN04875,Matched
TXN04876,Matched
TXN04877,Matched
TXN04878,Matched
TXN04879,Matched
TXN04880,Matched
TXN04881,Matched
TXN04882,Matched
TXN04883,Matched
TXN04884,Matched
TXN04885,Missing in Ledger
TXN04886,Matched
TXN04887,Matched
TXN04888,Matched
TXN04889,Matched
TXN04890,Matched
TXN04891,Matched
TXN04892,Matched
TXN04892,Matched
TXN04893,Matched
TXN04894,Matched
TXN04895,Matched
TXN04896,Matched
TXN04897,Matched
TXN04898,Matched
TXN04899,Matched
TXN04900,Matched
TXN04901,Matched
TXN04902,Matched
TXN04903,Matched
TXN04904,Matched
TXN04905,Matched
TXN04906,Matched
TXN04907,Matched
TXN04908,Matched
TXN04909,Matched
TXN04910,Matched
TXN04911,Matched
TXN04912,Matched
TXN04913,Matched
TXN04914,Matched
TXN04915,Matched
TXN04916,Amount Mismatch
TXN04917,Matched
TXN04918,Matched
TXN04919,Amount Mismatch
TXN04920,Matched
TXN04921,Matched
TXN04922,Matched
TXN04923,Matched
TXN04924,Matched
TXN04925,Matched
TXN04926,Matched
TXN04927,Missing in Ledger
TXN04928,Matched
TXN04929,Matched
TXN04930,Matched
TXN04930,Matched
TXN04930,Matched
TXN04931,Matched
TXN04932,Matched
TXN04933,Matched
TXN04934,Matched
TXN04935,Matched
TXN04936,Matched
TXN04937,Matched
TXN04938,Matched
TXN04939,Matched
TXN04940,Matched
TXN04941,Matched
TXN04942,Matched
TXN04943,Matched
TXN04944,Matched
TXN04945,Matched
TXN04946,Missing in Ledger
TXN04947,Missing in Ledger
TXN04948,Missing in Ledger
TXN04949,Missing in Ledger
TXN04950,Missing in Ledger
TXN04951,Missing in Ledger
TXN04952,Missing in Ledger
TXN04953,Missing in Ledger
TXN04954,Missing in Ledger
TXN04955,Missing in Ledger
TXN04956,Missing in Ledger
TXN04957,Missing in Ledger
TXN04958,Missing in Ledger
TXN04959,Matched
TXN04960,Matched
TXN04961,Matched
TXN04962,Matched
TXN04963,Matched
TXN04964,Matched
TXN04965,Matched
TXN04966,Matched
TXN04967,Matched
TXN04968,Matched
TXN04969,Matched
TXN04970,Matched
TXN04971,Matched
TXN04972,Matched
TXN04973,Matched
TXN04974,Matched
TXN04975,Matched
TXN04976,Missing in Ledger
TXN04977,Matched
TXN04978,Matched
TXN04979,Matched
TXN04980,Matched
TXN04981,Matched
TXN04982,Matched
TXN04983,Matched
TXN04984,Matched
TXN04985,Matched
TXN04985,Matched
TXN04986,Matched
TXN04987,Matched
TXN04988,Matched
TXN04989,Matched
TXN04990,Matched
TXN04991,Matched
TXN04992,Amount Mismatch
TXN04993,Missing in Ledger
TXN04994,Amount Mismatch
TXN04995,Matched
TXN04996,Amount Mismatch
TXN04997,Matched
TXN04998,Matched
TXN04999,Matched
TXN05000,Matched
TXN05001,Missing in Bank
TXN050010,Missing in Bank
TXN050011,Missing in Bank
TXN050012,Missing in Bank
TXN050013,Missing in Bank
TXN050014,Missing in Bank
TXN050015,Missing in Bank
TXN050016,Missing in Bank
TXN050017,Missing in Bank
TXN050018,Missing in Bank
TXN050019,Missing in Bank
TXN05002,Missing in Bank
TXN050020,Missing in Bank
TXN050021,Missing in Bank
TXN050022,Missing in Bank
TXN050023,Missing in Bank
TXN050024,Missing in Bank
TXN050025,Missing in Bank
TXN050026,Missing in Bank
TXN050027,Missing in Bank
TXN050028,Missing in Bank
TXN050029,Missing in Bank
TXN05003,Missing in Bank
TXN050030,Missing in Bank
TXN050031,Missing in Bank
TXN050032,Missing in Bank
TXN05004,Missing in Bank
TXN05005,Missing in Bank
TXN05006,Missing in Bank
TXN05007,Missing in Bank
TXN05008,Missing in Bank
TXN05009,Missing in Bank
